Fiscal Year 2001,A-1,A-2,A-3,B-1,"B-1,2",B-2,"B-1,2/BCC","B-1,2/BCV",C-1,C-1/D,C-2,C-3,D,D-CREW,E-1,E-2,E-3,E-3D,E-3R,F-1,F-2,F-3,G-1,G-2,G-3,G-4,G-5,H-1A,H-1B,H-1B1,H-1C,H-2A,H-2B,H-2R,H-3,H-4,I,J-1,J-2,K-1,K-2,K-3,K-4,L-1,L-2,M-1,M-2,M-3,NATO-1,NATO-2,NATO-3,NATO-4,NATO-5,NATO-6,NATO-7,N-8,N-9,O-1,O-2,O-3,P-1,P-2,P-3,P-4,Q-1,Q-2,Q-3,R-1,R-2,S-5,S-6,S-7,TN,TD,T-1,T-2,T-3,T-4,T-5,U-1,U-2,U-3,U-4,V-1,V-2,V-3,Total Visas,BCC,Grand Total,,,
Africa,,,,,,,,,,,,,,,,,,,,,,,,,,,,,,,,,,,,,,,,,,,,,,,,,,,,,,,,,,,,,,,,,,,,,,,,,,,,,,,,,,,,,,,,,,,,
Algeria,59,41,2,"2,022","2,101","1,990",0,0,23,0,0,1,35,0,0,0,0,0,0,132,8,0,46,65,3,133,3,0,75,0,0,0,0,0,0,49,25,109,17,21,0,0,0,7,7,62,0,0,0,0,0,0,0,0,0,0,0,2,0,1,4,0,10,0,0,0,0,1,3,0,0,0,0,3,0,0,0,0,0,0,0,0,0,3,6,0,"7,069",0,"7,069",,,
Angola,91,80,5,230,"2,164",296,0,0,19,1,0,11,20,0,0,0,0,0,0,314,34,0,31,109,0,8,0,0,2,0,0,0,0,0,6,0,5,51,22,0,0,0,0,18,36,5,0,0,0,0,0,0,0,0,0,0,0,0,1,0,1,0,0,0,0,0,0,5,0,0,0,0,0,0,0,0,0,0,0,0,0,0,0,0,0,0,"3,565",0,"3,565",,,
Benin,35,114,7,14,752,89,0,0,4,0,1,3,14,0,0,0,0,0,0,87,5,0,43,6,0,62,8,0,13,0,0,0,0,0,0,8,1,38,20,5,0,0,0,0,1,0,0,0,0,0,0,0,0,0,0,0,0,0,0,0,1,0,0,0,0,0,0,4,1,0,0,0,0,0,0,0,0,0,0,0,0,0,0,0,0,0,"1,336",0,"1,336",,,
Botswana,18,81,0,1,773,91,0,0,1,1,0,0,0,0,0,0,0,0,0,138,2,0,6,7,0,8,0,0,9,0,0,0,2,0,0,2,7,130,22,0,0,0,0,1,0,4,0,0,0,0,0,0,0,0,0,0,0,0,0,0,2,0,0,0,13,0,0,3,0,0,0,0,0,0,0,0,0,0,0,0,0,0,0,0,0,0,"1,322",0,"1,322",,,
Burkina Faso,27,21,2,20,"1,317",86,0,0,11,0,0,24,50,0,0,0,0,0,0,114,5,0,7,141,0,63,2,0,6,0,0,0,0,0,0,5,0,26,5,2,0,0,0,0,0,0,0,0,0,0,0,0,0,0,0,0,0,1,0,0,0,0,15,0,0,0,0,2,0,0,0,0,0,0,0,0,0,0,0,0,0,0,0,0,0,0,"1,952",0,"1,952",,,
Burundi,12,16,3,4,454,28,0,0,41,0,0,3,0,0,0,0,0,0,0,136,3,0,20,83,0,90,2,0,0,0,0,0,0,0,0,0,0,5,0,0,0,0,0,0,0,0,0,0,0,0,0,0,0,0,0,0,0,0,0,0,0,0,0,0,0,0,0,1,0,0,0,0,0,0,0,0,0,0,0,0,0,0,0,0,0,0,901,0,901,,,
Cameroon,20,160,4,157,"4,166",968,0,0,53,0,0,2,0,0,0,3,0,0,0,587,27,0,23,146,2,125,15,0,80,0,0,0,0,0,1,33,16,114,54,18,2,0,0,13,24,1,0,0,0,0,0,0,0,0,0,0,0,3,1,2,3,0,11,0,1,0,0,15,7,0,0,0,0,1,0,0,0,0,0,0,0,0,0,8,24,1,"6,891",0,"6,891",,,
Cape Verde,6,6,1,17,"5,319",345,0,0,2,34,0,0,7,0,0,0,0,0,0,28,0,0,12,30,0,0,3,0,0,0,0,0,0,0,0,0,1,25,2,46,10,0,0,0,0,2,0,0,0,0,0,0,0,0,0,0,0,0,0,0,13,0,6,0,0,0,0,6,10,0,0,0,0,0,0,0,0,0,0,0,0,0,0,5,38,12,"5,986",0,"5,986",,,
Central African Republic,13,20,3,3,236,13,0,0,25,0,0,0,12,0,0,0,0,0,0,31,2,0,10,59,0,11,1,0,0,0,0,0,0,0,0,3,0,3,2,0,0,0,0,0,0,0,0,0,0,0,0,0,0,0,0,0,0,0,0,0,1,0,17,0,0,0,0,3,0,0,0,0,0,0,0,0,0,0,0,0,0,0,0,0,0,0,468,0,468,,,
Chad,16,51,1,14,231,100,0,0,13,0,0,0,19,0,0,0,0,0,0,41,2,0,19,50,0,26,0,0,2,0,0,0,0,0,0,0,0,15,11,0,0,0,0,2,4,0,0,0,0,0,0,0,0,0,0,0,0,0,0,0,0,0,0,0,0,0,0,1,0,0,0,0,0,2,0,0,0,0,0,0,0,0,0,0,0,0,620,0,620,,,
Comoros,2,9,0,2,25,1,0,0,0,1,0,0,0,0,0,0,0,0,0,5,3,0,5,52,0,5,0,0,0,0,0,0,0,0,0,0,0,1,1,0,0,0,0,0,0,0,0,0,0,0,0,0,0,0,0,0,0,0,0,0,0,0,0,0,0,0,0,0,0,0,0,0,0,0,0,0,0,0,0,0,0,0,0,0,0,0,112,0,112,,,
"Congo, Dem. Rep. of the (Congo Kinshasa)",63,183,1,178,"2,671",574,0,0,14,1,0,10,0,0,0,0,0,0,0,164,7,0,10,90,0,123,1,0,14,0,0,0,0,0,0,9,0,55,6,8,0,0,0,5,1,3,0,0,0,0,0,0,0,0,0,0,0,2,0,0,54,0,21,0,0,0,0,21,8,0,0,0,0,0,0,0,0,0,0,0,0,0,0,3,12,0,"4,312",0,"4,312",,,
"Congo, Rep. of the (Congo Brazzaville)",42,157,1,21,493,107,0,0,8,0,0,6,27,0,0,0,0,0,0,42,1,0,37,102,0,16,3,0,1,0,0,0,0,0,0,1,0,10,6,1,0,0,0,0,0,1,4,0,0,0,0,0,0,0,0,0,0,1,0,0,2,0,2,0,0,0,0,0,0,0,0,0,0,0,0,0,0,0,0,0,0,0,0,1,0,0,"1,093",0,"1,093",,,
Cote d'Ivoire ,63,115,1,91,"3,222",337,0,0,20,4,0,0,52,0,0,0,0,0,0,313,19,0,49,74,1,78,15,0,29,0,0,0,1,0,0,9,12,68,15,10,1,0,0,1,3,2,0,0,0,0,0,0,0,0,0,0,0,1,0,0,32,0,45,1,0,0,0,5,7,0,0,0,0,3,0,0,0,0,0,0,0,0,0,1,2,0,"4,702",0,"4,702",,,
Djibouti,17,11,0,33,112,291,0,0,3,0,0,0,0,0,0,0,0,0,0,5,0,0,8,19,0,6,0,0,1,0,0,0,0,0,0,0,0,4,0,0,0,0,0,0,0,0,0,0,0,0,0,0,0,0,0,0,0,0,0,0,0,0,0,0,0,0,0,0,0,0,0,0,0,0,0,0,0,0,0,0,0,0,0,0,0,0,510,0,510,,,
Egypt,177,"2,646",37,463,"40,395",202,0,0,55,546,0,14,42,0,0,23,0,0,0,896,175,0,48,50,0,108,9,0,484,0,0,0,8,0,5,365,33,"2,000",609,25,0,0,0,104,152,25,3,0,0,0,0,0,0,0,0,0,0,26,5,7,16,0,58,2,1,0,0,154,88,0,0,0,0,21,0,0,0,0,0,0,0,0,0,24,36,1,"50,138",0,"50,138",,,
Equatorial Guinea,43,89,19,22,79,20,0,0,1,0,0,0,1,0,0,0,0,0,0,32,1,0,9,20,0,9,1,0,0,0,0,0,0,0,0,0,1,7,8,0,0,0,0,0,0,0,0,0,0,0,0,0,0,0,0,0,0,0,0,0,0,0,0,0,0,0,0,0,0,0,0,0,0,0,0,0,0,0,0,0,0,0,0,0,0,0,362,0,362,,,
Eritrea,13,68,8,418,884,134,0,0,0,0,0,0,0,0,0,0,0,0,0,63,3,0,6,14,0,12,1,0,3,0,0,0,0,0,0,0,0,43,2,8,0,0,0,0,2,0,0,0,0,0,0,0,0,0,0,0,0,0,0,0,0,0,0,0,0,0,0,2,10,0,0,0,0,0,0,0,0,0,0,0,0,0,0,3,7,0,"1,704",0,"1,704",,,
Ethiopia,29,49,18,448,"4,445",744,0,0,77,2,0,27,133,0,0,6,0,0,0,313,27,0,30,64,0,192,24,0,46,0,0,0,0,0,1,12,1,122,19,41,1,0,0,3,5,0,0,0,0,0,0,0,0,0,0,0,0,0,0,0,10,0,0,0,0,0,0,19,10,0,0,0,0,5,0,0,0,0,0,0,0,0,0,69,140,0,"7,132",0,"7,132",,,
Gabon,68,115,13,35,556,190,0,0,6,1,0,1,9,0,0,0,0,0,0,107,2,0,24,108,0,22,20,0,5,0,0,0,0,0,0,2,0,13,2,2,0,0,0,1,2,4,0,0,0,0,0,0,0,0,0,0,0,0,0,0,0,0,0,0,0,0,0,0,0,0,0,0,0,0,0,0,0,0,0,0,0,0,0,0,0,0,"1,308",0,"1,308",,,
"Gambia, The",9,102,2,36,"2,338",68,0,0,1,0,0,1,12,0,0,0,0,0,0,223,1,0,15,38,0,45,1,0,12,0,0,0,0,0,0,10,0,7,1,1,0,0,0,1,1,2,0,0,0,0,0,0,0,0,0,0,0,1,0,0,0,0,3,0,0,0,0,0,0,0,0,0,0,0,0,0,0,0,0,0,0,0,0,0,3,0,"2,934",0,"2,934",,,
Ghana,47,250,4,603,"15,159","1,121",0,0,62,247,0,17,33,0,0,0,0,0,0,881,108,0,30,82,0,108,11,0,144,0,0,0,1,0,0,63,42,437,68,120,7,0,0,13,12,7,0,0,0,0,0,0,0,0,0,0,0,7,0,0,9,0,8,0,0,0,0,67,16,0,0,0,0,0,0,0,0,0,0,0,0,0,0,70,141,0,"19,995",0,"19,995",,,
Guinea,12,63,0,25,"3,964",496,0,0,11,7,0,0,0,0,0,0,0,0,0,166,1,0,11,155,0,24,2,0,9,0,0,0,0,0,0,0,3,44,4,7,0,0,0,1,4,1,0,0,0,0,0,0,0,0,0,0,0,0,0,0,0,0,38,0,0,0,0,2,0,0,0,0,0,1,0,0,0,0,0,0,0,0,0,1,6,0,"5,058",0,"5,058",,,
Guinea-Bissau,6,3,0,4,161,12,0,0,0,0,0,1,0,0,0,0,0,0,0,3,0,0,9,54,0,2,0,0,0,0,0,0,0,0,0,0,0,1,1,1,0,0,0,0,0,0,0,0,0,0,0,0,0,0,0,0,0,0,0,0,1,0,1,0,0,0,0,0,0,0,0,0,0,0,0,0,0,0,0,0,0,0,0,0,0,0,260,0,260,,,
Kenya,85,97,18,97,"14,539",351,0,0,12,6,0,0,0,0,0,1,0,0,0,"3,712",251,0,62,92,0,301,24,0,229,0,0,0,1,0,2,95,16,478,93,33,8,0,0,45,75,60,1,0,0,0,0,0,0,0,0,0,0,4,0,7,53,0,22,0,38,0,0,44,6,0,0,0,0,0,0,0,0,0,0,0,0,0,0,3,10,0,"20,971",0,"20,971",,,
Lesotho,2,7,0,4,118,14,0,0,0,1,0,2,0,0,0,0,0,0,0,10,0,0,9,27,0,2,1,0,2,0,0,0,6,0,0,4,0,10,0,1,0,0,0,0,0,0,0,0,0,0,0,0,0,0,0,0,0,0,0,0,0,0,0,0,0,0,0,1,0,0,0,0,0,0,0,0,0,0,0,0,0,0,0,0,0,0,221,0,221,,,
Liberia,12,4,2,79,"1,503",848,0,0,6,4,0,0,0,0,0,1,0,0,0,330,27,0,1,42,0,51,4,0,13,0,0,0,0,0,1,1,0,17,5,10,7,0,0,1,2,2,0,0,0,0,0,0,0,0,0,0,0,1,0,0,0,0,0,0,0,0,0,5,6,0,0,0,0,0,0,0,0,0,0,0,0,0,0,4,26,0,"3,015",0,"3,015",,,
Libya,0,0,0,17,201,109,0,0,2,0,0,0,0,0,0,0,0,0,0,5,1,0,85,33,0,11,0,0,3,0,0,0,0,0,0,7,0,4,4,10,0,0,0,1,0,0,0,0,0,0,0,0,0,0,0,0,0,2,0,2,0,0,0,0,0,0,0,0,0,0,0,0,0,3,0,0,0,0,0,0,0,0,0,0,0,0,500,0,500,,,
Madagascar,27,66,1,118,346,218,0,0,6,0,0,0,26,0,0,0,0,0,0,47,4,0,32,106,0,48,2,0,6,0,0,0,0,0,1,2,0,55,2,4,0,0,0,5,0,3,0,0,0,0,0,0,0,0,0,0,0,2,0,0,4,0,0,0,0,0,0,5,0,0,0,0,0,0,0,0,0,0,0,0,0,0,0,0,0,0,"1,136",0,"1,136",,,
Malawi,18,62,3,3,839,23,0,0,1,2,0,0,0,0,0,0,0,0,0,129,20,0,4,48,0,24,2,0,7,0,0,0,0,0,0,3,0,76,9,0,0,0,0,2,3,2,0,0,0,0,0,0,0,0,0,0,0,1,0,0,0,0,0,0,0,0,0,9,0,0,0,0,0,0,0,0,0,0,0,0,0,0,0,0,0,0,"1,290",0,"1,290",,,
Mali,40,41,2,176,"3,395","1,638",0,0,17,0,0,0,13,0,0,0,0,0,0,333,6,0,24,102,0,75,1,0,9,0,0,0,0,0,0,1,3,49,7,4,0,0,0,0,1,0,0,0,0,0,0,0,0,0,0,0,0,2,5,1,13,0,83,0,0,0,0,1,1,0,0,0,0,0,0,0,0,0,0,0,0,0,0,1,4,0,"6,048",0,"6,048",,,
Mauritania,10,75,1,8,965,90,0,0,2,0,0,2,3,0,0,0,0,0,0,258,5,0,22,82,0,39,1,0,4,0,0,0,0,0,0,2,0,8,1,2,1,0,0,2,1,1,0,0,0,0,0,0,0,0,0,0,0,2,0,0,0,0,0,0,0,0,0,0,0,0,0,0,0,0,0,0,0,0,0,0,0,0,0,1,0,0,"1,588",0,"1,588",,,
Mauritius,15,24,0,11,"1,246",131,0,0,10,111,0,1,2,0,0,0,0,0,0,76,3,0,20,35,0,30,2,0,36,0,0,0,0,0,1,10,0,25,5,2,0,0,0,8,7,2,0,0,0,0,0,0,0,0,0,0,0,0,0,0,0,0,0,0,0,0,0,5,0,0,0,0,0,0,0,0,0,0,0,0,0,0,0,0,0,0,"1,818",0,"1,818",,,
Morocco,25,240,74,307,"11,556","3,789",0,0,15,314,1,0,119,0,1,6,0,0,0,"1,222",16,0,37,82,0,46,38,0,196,0,0,0,1,0,3,53,23,408,53,109,2,0,0,19,16,9,4,0,0,0,0,0,0,0,0,0,0,7,0,1,34,0,11,3,58,0,0,5,1,0,0,0,0,5,0,0,0,0,0,0,0,0,0,21,28,0,"18,958",0,"18,958",,,
Mozambique,40,94,8,8,619,28,0,0,22,9,0,5,0,0,0,0,0,0,0,68,11,0,26,30,0,26,3,0,9,0,0,0,0,0,0,7,7,52,7,0,0,0,0,1,0,0,0,0,0,0,0,0,0,0,0,0,0,0,1,0,2,0,0,0,1,0,0,0,0,0,0,0,0,0,0,0,0,0,0,0,0,0,0,0,0,0,"1,084",0,"1,084",,,
Namibia,12,42,6,0,568,12,0,0,1,8,0,2,1,0,0,0,0,0,0,37,4,0,22,30,0,10,2,0,3,0,0,6,3,0,0,3,0,78,11,3,0,0,0,2,1,4,0,0,0,0,0,0,0,0,0,0,0,0,0,0,0,0,0,0,1,0,0,3,0,0,0,0,0,0,0,0,0,0,0,0,0,0,0,0,0,0,875,0,875,,,
Niger,37,24,17,386,392,234,0,0,9,0,0,0,16,0,0,0,0,0,0,295,4,0,11,62,0,37,0,0,4,0,0,0,0,0,0,3,3,34,11,2,0,0,0,1,0,0,0,0,0,0,0,0,0,0,0,0,0,0,0,0,16,0,0,0,1,0,0,1,0,0,0,0,0,0,0,0,0,0,0,0,0,0,0,0,0,0,"1,600",0,"1,600",,,
Nigeria,129,296,12,"1,529","32,594","2,098",0,0,47,46,0,5,42,0,0,0,0,0,0,"1,995",86,0,101,124,0,160,4,0,441,0,0,0,1,0,5,338,13,506,119,238,13,0,0,148,186,32,3,0,0,0,0,0,0,0,0,0,1,11,1,4,55,0,52,0,1,0,0,228,42,0,0,0,0,0,0,0,0,0,0,0,0,0,0,144,368,4,"42,222",0,"42,222",,,
Rwanda,9,98,4,5,599,32,0,0,3,0,0,0,0,0,0,0,0,0,0,84,5,0,9,4,0,33,5,0,1,0,0,0,0,0,0,0,0,51,4,0,0,0,0,0,0,1,0,0,0,0,0,0,0,0,0,0,0,0,0,0,0,0,25,0,0,0,0,5,3,0,0,0,0,0,0,0,0,0,0,0,0,0,0,0,0,0,980,0,980,,,
Sao Tome and Principe,1,3,0,4,44,1,0,0,0,0,0,0,0,0,0,0,0,0,0,4,0,0,4,19,0,1,0,0,1,0,0,0,0,0,0,0,0,0,0,0,0,0,0,0,0,0,0,0,0,0,0,0,0,0,0,0,0,0,0,0,0,0,0,0,0,0,0,0,0,0,0,0,0,0,0,0,0,0,0,0,0,0,0,0,0,0,82,0,82,,,
Senegal,71,125,11,75,"8,328",308,0,0,42,0,0,3,34,0,0,0,0,0,0,441,7,0,38,129,1,132,12,0,56,0,0,0,0,0,1,27,18,206,10,16,1,0,0,10,10,3,0,0,0,0,0,0,0,0,0,0,0,5,20,0,41,0,48,0,0,0,0,1,0,0,0,0,0,0,0,0,0,0,0,0,0,0,0,9,26,0,"10,265",0,"10,265",,,
Seychelles,0,0,2,14,188,22,0,0,0,11,0,0,0,0,0,0,0,0,0,4,0,0,0,3,0,3,0,0,1,0,0,0,0,0,0,1,0,2,0,0,0,0,0,0,0,4,0,0,0,0,0,0,0,0,0,0,0,0,0,0,0,0,0,0,0,0,0,1,0,0,0,0,0,0,0,0,0,0,0,0,0,0,0,0,0,0,256,0,256,,,
Sierra Leone,3,26,0,10,"1,512",55,0,0,7,2,0,0,0,0,0,0,0,0,0,70,4,0,6,50,0,48,1,0,20,0,0,0,0,0,0,10,0,30,0,20,1,0,0,0,0,1,0,0,0,0,0,0,0,0,0,0,0,0,0,0,0,0,13,0,0,0,0,1,0,0,0,0,0,0,0,0,0,0,0,0,0,0,0,5,12,3,"1,910",0,"1,910",,,
Somalia,0,0,2,25,735,167,0,0,1,0,0,0,0,0,0,0,0,0,0,25,0,0,0,0,0,14,1,0,4,0,0,0,0,0,0,0,0,4,0,6,0,0,0,2,0,0,0,0,0,0,0,0,0,0,0,0,0,1,0,0,0,0,0,0,0,0,0,0,0,0,0,0,0,2,0,0,0,0,0,0,0,0,0,0,0,0,989,0,989,,,
South Africa,84,514,10,760,"43,209","6,171",0,0,451,"2,364",1,62,87,0,3,10,0,0,0,743,83,0,17,130,0,125,7,0,"1,529",0,0,971,683,0,39,"1,628",46,"4,158",283,69,23,0,0,802,809,21,4,0,0,3,0,0,0,0,0,0,0,51,10,26,140,0,18,6,165,0,0,131,90,0,0,0,0,1,0,0,0,0,0,0,0,0,0,2,2,0,"66,541",0,"66,541",,,
Sudan,22,40,30,624,"1,655","1,782",0,0,28,2,0,0,32,0,0,0,0,0,0,289,37,0,35,116,0,91,0,0,49,0,0,0,0,0,0,31,0,23,8,4,0,0,0,2,0,6,0,0,0,0,0,0,0,0,0,0,0,0,0,0,0,3,0,0,0,0,0,5,2,0,0,0,0,2,0,0,0,0,0,0,0,0,0,6,6,0,"4,930",0,"4,930",,,
Swaziland,16,55,0,1,172,16,0,0,6,0,0,0,0,0,0,0,0,0,0,20,1,0,12,27,0,4,0,0,0,0,0,0,1,0,0,0,1,26,4,1,0,0,0,1,0,0,0,0,0,0,0,0,0,0,0,0,0,1,0,1,0,0,0,0,1,0,0,0,0,0,0,0,0,0,0,0,0,0,0,0,0,0,0,0,0,0,367,0,367,,,
Tanzania,42,155,3,28,"3,736",668,0,0,18,0,0,1,17,0,0,0,0,0,0,"1,060",45,0,37,158,0,77,11,0,46,0,0,0,0,0,0,31,4,182,27,4,0,0,0,4,2,12,0,0,0,0,0,0,0,0,0,0,0,0,0,0,2,0,0,0,0,0,0,31,3,0,0,0,0,0,0,0,0,0,0,0,0,0,0,2,7,1,"6,414",0,"6,414",,,
Togo,22,29,5,36,"1,548",463,0,0,5,1,0,0,25,0,0,0,0,0,0,452,17,0,9,32,0,45,8,0,9,0,0,0,0,0,0,5,0,33,7,2,0,0,0,1,1,3,0,0,0,0,0,0,0,0,0,0,0,1,0,2,0,0,0,0,0,0,0,5,0,0,0,0,0,0,0,0,0,0,0,0,0,0,0,3,4,0,"2,773",0,"2,773",,,
Tunisia,21,173,4,224,"2,678","2,792",0,0,3,78,0,0,34,0,0,10,0,0,0,275,4,0,13,68,0,43,3,0,53,0,0,0,3,0,0,17,2,158,24,9,0,0,0,14,8,39,0,0,0,0,0,0,0,0,0,0,1,0,0,1,0,0,1,0,0,0,0,0,0,0,0,0,0,3,0,0,0,0,0,0,0,0,0,2,1,0,"6,759",0,"6,759",,,
Uganda,21,219,4,54,"2,808",83,0,0,14,5,0,1,3,0,0,0,0,0,0,405,21,0,27,77,0,132,7,0,35,0,0,0,2,0,0,14,0,182,12,6,0,0,0,2,0,6,0,0,0,0,0,0,0,0,0,0,0,0,0,0,2,0,42,0,1,0,0,45,9,0,0,0,0,0,0,0,0,0,0,0,0,0,0,0,0,0,"4,239",0,"4,239",,,
Zambia,27,73,1,8,"3,512",37,0,0,12,0,0,1,10,0,0,0,0,0,0,419,106,0,36,96,0,70,8,0,20,0,0,0,1,0,1,22,4,475,28,2,0,0,0,3,11,8,0,0,0,0,0,0,0,0,0,0,0,0,0,0,0,0,0,0,0,0,0,12,7,0,0,0,0,0,0,0,0,0,0,0,0,0,0,1,1,0,"5,012",0,"5,012",,,
Zimbabwe,31,22,6,38,"3,946",123,0,0,40,46,0,0,14,0,0,3,0,0,0,"1,001",233,0,36,37,0,128,12,0,102,0,0,0,16,0,0,84,4,259,59,4,0,0,0,23,24,4,0,0,0,0,0,0,0,0,0,2,1,0,0,0,16,0,24,1,11,0,0,10,2,0,0,0,0,0,0,0,0,0,0,0,0,0,0,0,0,0,"6,362",0,"6,362",,,
Totals for Africa,"1,710","7,054",358,"9,510","235,568","30,606",0,0,"1,230","3,855",3,206,944,0,4,63,0,0,0,"18,630","1,437",0,"1,243","3,459",7,"3,082",281,0,"3,823",0,0,977,730,0,67,"2,970",291,"10,917","1,690",877,77,0,0,"1,269","1,411",342,19,0,0,3,0,0,0,0,0,2,3,135,44,55,527,3,574,13,293,0,0,865,332,0,0,0,0,52,0,0,0,0,0,0,0,0,0,392,910,22,"348,935",0,"348,935",,,
,,,,,,,,,,,,,,,,,,,,,,,,,,,,,,,,,,,,,,,,,,,,,,,,,,,,,,,,,,,,,,,,,,,,,,,,,,,,,,,,,,,,,,,,,,,,
Asia,,,,,,,,,,,,,,,,,,,,,,,,,,,,,,,,,,,,,,,,,,,,,,,,,,,,,,,,,,,,,,,,,,,,,,,,,,,,,,,,,,,,,,,,,,,,
Afghanistan,0,0,2,22,"1,007",629,0,0,12,0,0,0,0,0,0,0,0,0,0,28,1,0,0,0,12,21,0,0,12,0,0,0,0,0,0,9,1,11,3,160,7,0,0,5,3,0,0,0,0,0,0,0,0,0,0,0,0,0,0,0,0,0,5,3,0,0,0,3,0,0,0,0,0,0,0,0,0,0,0,0,0,0,0,6,26,0,"1,988",0,"1,988",,,
Bahrain,17,204,0,3,"2,209",14,0,0,0,4,0,0,2,0,0,0,0,0,0,238,31,0,11,33,0,1,0,0,6,0,0,0,0,0,0,1,8,28,8,1,1,0,0,3,1,2,0,0,0,0,0,0,0,0,0,0,0,0,0,0,0,0,0,0,0,0,0,0,0,0,0,0,0,0,0,0,0,0,0,0,0,0,0,0,0,0,"2,826",0,"2,826",,,
Bangladesh,74,454,33,204,"12,604",535,0,0,76,549,0,1,9,0,0,10,0,0,0,986,157,0,76,62,0,180,24,0,975,0,0,0,0,0,1,543,29,226,148,3,0,0,0,29,49,4,1,0,0,0,0,0,0,0,0,0,0,5,0,7,0,0,16,0,1,0,0,36,4,0,0,0,0,4,0,0,0,0,0,0,0,0,0,221,380,15,"18,731",0,"18,731",,,
Bhutan,0,5,0,3,211,8,0,0,0,1,0,0,0,0,0,0,0,0,0,61,7,0,15,38,0,9,3,0,2,0,0,0,1,0,0,2,0,11,3,1,0,0,0,0,0,0,0,0,0,0,0,0,0,0,0,0,0,0,0,0,0,0,1,0,0,0,0,23,2,0,0,0,0,0,0,0,0,0,0,0,0,0,0,0,0,0,407,0,407,,,
Brunei,19,25,8,5,21,3,0,0,1,1,0,0,0,0,0,0,0,0,0,1,2,0,12,40,0,2,0,0,3,0,0,0,0,0,0,0,0,6,0,0,0,0,0,2,3,0,0,0,0,0,0,0,0,0,0,0,0,0,0,0,0,0,0,0,0,0,0,0,0,0,0,0,0,0,0,0,0,0,0,0,0,0,0,0,0,0,154,0,154,,,
Burma,54,8,5,335,281,"1,057",0,0,677,6,0,0,"1,295",0,0,0,0,0,0,433,8,0,17,27,0,96,7,0,59,0,0,0,0,0,0,23,0,40,11,11,0,0,0,6,8,0,0,0,0,0,0,0,0,0,0,0,0,3,0,0,0,0,0,0,0,0,0,30,0,0,0,0,0,0,0,0,0,0,0,0,0,0,0,3,5,0,"4,505",0,"4,505",,,
Cambodia,39,55,0,58,"1,778","1,925",0,0,8,0,0,0,0,0,0,0,0,0,0,183,5,0,5,26,0,11,2,0,6,0,0,0,0,0,0,10,0,64,16,146,19,0,0,3,6,0,0,0,0,0,0,0,0,0,0,0,0,0,0,0,54,0,11,1,0,0,0,6,1,0,0,0,0,1,0,0,0,0,0,0,0,0,0,0,0,0,"4,439",0,"4,439",,,
China - mainland,426,949,6,"11,749","242,271","15,291",0,0,"6,935",56,0,739,"4,230",0,5,9,0,0,0,"25,218","5,022",0,89,479,0,289,38,0,"9,076",0,0,0,20,0,50,"4,285",400,"7,579","4,622","1,999",185,0,0,"1,091","1,083",70,0,0,0,0,0,0,0,0,0,0,0,196,72,148,577,3,302,28,37,0,0,38,4,0,0,0,0,51,0,0,0,0,0,0,0,0,0,17,9,5,"345,748",0,"345,748",,,
China - Taiwan,3,0,0,39,"214,869",369,0,0,428,"1,741",0,0,0,0,907,402,0,0,0,"15,821",763,0,0,0,0,23,0,0,"2,906",0,0,0,4,0,10,964,76,"1,403",591,56,1,0,0,298,329,63,2,0,0,0,0,0,0,0,0,0,0,21,14,5,14,0,213,0,1,0,0,129,35,0,0,0,0,15,0,0,0,0,0,0,0,0,0,22,10,0,"242,547",0,"242,547",,,
Hong Kong S.A.R.,0,26,0,37,"27,863",568,0,0,36,205,0,0,0,0,0,1,0,0,0,"1,189",18,0,0,5,0,18,0,0,260,0,0,0,0,0,0,45,32,231,8,21,4,0,0,33,21,3,0,0,0,0,0,0,0,0,0,0,0,10,49,2,12,0,1,0,5,0,0,9,3,0,0,0,0,2,0,0,0,0,0,0,0,0,0,32,13,2,"30,764",0,"30,764",,,
India,156,939,99,"1,980","220,741","2,275",0,0,419,"11,799",0,431,568,0,1,9,0,0,0,"24,106","1,251",0,88,221,0,855,52,0,"74,078",0,0,3,255,0,47,"44,784",116,"4,073","1,969","1,025",21,0,0,"11,908","8,017",165,4,0,0,0,0,0,0,0,0,0,0,264,143,191,18,1,943,10,7,0,0,906,158,0,0,0,0,29,0,0,0,0,0,0,0,0,0,870,279,285,"416,559",0,"416,559",,,
Indonesia,153,778,370,"1,169","45,580","3,942",0,0,125,"6,702",0,11,14,0,4,4,0,0,0,"5,036",325,0,185,92,0,133,61,0,"1,462",0,0,0,308,0,5,400,94,643,280,99,13,0,0,238,347,24,1,0,0,0,0,0,0,0,0,0,0,1,1,3,0,0,31,1,26,0,0,43,22,0,0,0,0,6,0,0,0,0,0,0,0,0,0,1,1,2,"68,736",0,"68,736",,,
Iran,0,6,3,382,"9,336","9,291",0,0,89,14,7,3,5,0,1,65,0,0,0,858,99,0,157,123,0,202,1,0,485,0,0,0,1,0,0,417,4,271,274,362,16,0,0,55,47,3,0,0,0,0,0,0,0,0,0,0,0,14,9,12,4,0,19,0,0,0,0,6,7,0,0,0,0,18,0,0,0,0,0,0,0,0,0,30,39,14,"22,749",0,"22,749",,,
Iraq,2,11,0,35,"2,221",422,0,0,16,4,7,0,0,0,0,0,0,0,0,33,9,0,50,60,0,23,2,0,157,0,0,0,0,0,0,265,1,19,9,124,6,0,0,1,3,0,0,0,0,0,0,0,0,0,0,0,0,7,18,2,0,0,4,0,0,0,0,12,4,0,0,0,0,4,0,0,0,0,0,0,0,0,0,3,8,4,"3,546",0,"3,546",,,
Israel,229,"2,020",1,37,"132,395",345,0,0,37,77,0,1,347,0,691,7,0,0,0,"1,474",171,0,17,21,0,47,0,0,"1,454",0,0,0,2,0,13,"1,302",74,"2,757","1,208",28,4,0,0,882,"1,240",42,0,0,0,0,0,0,0,0,0,0,0,120,18,59,257,0,75,1,1,0,0,175,110,0,0,0,0,4,0,0,0,0,0,0,0,0,0,1,1,0,"147,745",0,"147,745",,,
Japan,373,"7,523",24,"1,272","5,827",486,0,0,10,"4,477",1,"1,688",6,0,"2,886","12,631",0,0,0,"32,237","1,379",0,78,56,1,318,3,0,"4,096",0,0,1,326,0,415,"1,695","1,996","8,300","4,109",242,10,0,0,"7,370","9,922",826,10,0,0,0,0,0,0,0,0,0,0,222,19,85,344,0,338,20,71,0,0,229,108,0,0,0,0,28,0,0,0,0,0,0,0,0,0,4,0,0,"112,062",0,"112,062",,,
Jordan,42,787,6,217,"20,476",379,0,0,18,310,0,0,141,0,0,2,0,0,0,828,156,0,7,39,0,44,0,0,464,0,0,0,0,0,1,325,6,549,154,50,2,0,0,41,59,8,0,0,0,0,0,0,0,0,0,0,0,11,0,12,1,3,1,0,0,0,0,12,13,0,0,0,0,9,0,0,0,0,0,0,0,0,0,49,219,31,"25,472",0,"25,472",,,
"Korea, North",0,0,0,39,"1,298",4,0,0,23,0,0,0,0,0,0,0,0,0,0,65,6,0,0,0,46,1,0,0,1,0,0,0,0,0,0,0,0,4,0,0,0,0,0,2,0,0,0,0,0,0,0,0,0,0,0,0,0,0,0,0,0,0,0,0,0,0,0,0,0,0,0,0,0,0,0,0,0,0,0,0,0,0,0,0,0,0,"1,489",0,"1,489",,,
"Korea, South",291,"2,050",6,356,"360,520","1,214",0,0,85,"4,088",0,82,2,0,"1,063","1,403",0,0,0,"28,977","5,721",0,67,145,0,135,3,0,"2,899",0,0,0,73,0,20,"3,033",788,"6,391","6,195",296,10,0,0,"1,275","2,211",242,23,0,0,0,0,0,0,0,0,0,0,78,38,62,175,0,249,3,14,0,0,278,218,0,0,0,0,24,0,0,0,0,0,0,0,0,0,24,10,18,"430,855",0,"430,855",,,
Kuwait,27,356,0,3,"7,828",25,0,0,7,0,0,0,56,0,0,0,0,0,0,863,238,0,26,19,0,4,0,0,17,0,0,0,0,0,0,1,0,34,21,0,0,0,0,4,4,3,0,0,0,0,0,0,0,0,0,0,0,1,0,0,0,0,0,0,0,0,0,0,0,0,0,0,0,0,0,0,0,0,0,0,0,0,0,0,0,0,"9,537",0,"9,537",,,
Laos,19,38,0,50,74,"1,687",0,0,3,0,0,16,0,0,0,0,0,0,0,59,0,0,36,47,0,14,0,0,2,0,0,6,0,0,0,0,0,25,6,289,13,0,0,0,0,0,0,0,0,0,0,0,0,0,0,0,0,0,0,0,4,0,2,0,0,0,0,25,0,0,0,0,0,0,0,0,0,0,0,0,0,0,0,0,0,0,"2,415",0,"2,415",,,
Lebanon,13,237,8,228,"22,459","1,963",0,0,20,9,0,1,54,0,0,1,0,0,0,"1,543",17,0,5,74,0,50,3,0,372,0,0,0,2,0,2,140,53,501,80,197,0,0,0,33,54,18,1,0,0,0,0,0,0,0,0,0,0,36,34,6,15,0,85,1,0,0,0,18,2,0,0,0,0,21,0,0,0,0,0,0,0,0,0,18,46,20,"28,440",0,"28,440",,,
Macau S.A.R.,0,0,0,2,"1,374",19,0,0,6,0,0,0,0,0,0,0,0,0,0,132,1,0,0,0,0,0,0,0,25,0,0,0,0,0,0,3,0,23,0,7,0,0,0,0,0,1,0,0,0,0,0,0,0,0,0,0,0,0,0,0,0,0,0,0,0,0,0,1,3,0,0,0,0,0,0,0,0,0,0,0,0,0,0,8,4,2,"1,611",0,"1,611",,,
Malaysia,86,671,7,496,"42,174",603,0,0,80,"2,433",0,54,4,0,0,5,0,0,0,"2,208",167,0,26,77,0,58,5,0,"1,411",0,0,0,10,0,80,342,49,891,214,59,1,0,0,501,397,21,0,0,0,0,0,0,0,0,0,0,0,7,4,3,1,0,4,0,0,0,0,25,7,0,0,0,0,3,0,0,0,0,0,0,0,0,0,2,3,2,"53,191",0,"53,191",,,
Maldives,3,22,0,0,83,12,0,0,0,33,0,2,0,0,0,0,0,0,0,12,1,0,1,15,0,1,2,0,0,0,0,0,0,0,0,0,0,5,0,0,0,0,0,1,0,9,0,0,0,0,0,0,0,0,0,0,0,0,0,0,0,0,0,0,0,0,0,1,0,0,0,0,0,0,0,0,0,0,0,0,0,0,0,0,0,0,203,0,203,,,
Mongolia,48,123,1,73,"1,892",139,0,0,30,0,0,3,0,0,0,0,0,0,0,406,52,0,42,32,1,24,1,0,27,0,0,13,0,0,0,24,12,416,66,3,2,0,0,3,6,3,0,0,0,0,0,0,0,0,0,0,0,1,1,1,8,0,4,2,0,0,0,38,1,0,0,0,0,0,0,0,0,0,0,0,0,0,0,0,0,0,"3,498",0,"3,498",,,
Nepal,0,173,19,40,"3,795",90,0,0,439,24,0,1,344,0,0,0,0,0,0,"1,254",155,0,11,21,0,101,3,0,246,0,0,5,67,0,1,190,2,155,62,23,0,0,0,10,15,39,3,0,0,0,0,0,0,0,0,0,0,2,1,2,4,0,0,0,14,0,0,203,8,0,0,0,0,1,0,0,0,0,0,0,0,0,0,10,6,0,"7,539",0,"7,539",,,
Oman,32,171,3,28,774,"1,332",0,0,1,57,0,0,0,0,0,0,0,0,0,359,87,0,11,27,0,3,0,0,5,0,0,0,0,0,0,1,0,48,18,0,0,0,0,3,4,3,0,0,0,0,0,0,0,0,0,0,0,1,0,0,0,0,0,0,0,0,0,0,0,0,0,0,0,0,0,0,0,0,0,0,0,0,0,0,0,0,"2,968",0,"2,968",,,
Pakistan,70,462,49,511,"58,902","1,263",0,0,106,788,0,9,35,0,46,141,0,0,0,"3,558",283,0,81,60,0,248,13,0,"2,903",0,0,0,0,0,4,"2,648",24,724,409,354,9,0,0,179,418,39,0,0,0,0,0,0,0,0,0,0,0,72,10,69,0,0,98,1,0,0,0,45,50,0,0,0,0,19,0,0,0,0,0,0,0,0,0,334,478,0,"75,512",0,"75,512",,,
Palestinian Authority Travel Document,0,0,0,12,"4,137",48,0,0,7,0,0,0,0,0,0,0,0,0,0,168,21,0,0,0,1,13,0,0,26,0,0,0,1,0,0,22,4,142,47,14,0,0,0,1,1,1,0,0,0,0,0,0,0,0,0,0,0,0,0,0,0,0,0,0,0,0,0,3,1,0,0,0,0,3,0,0,0,0,0,0,0,0,0,7,17,3,"4,700",0,"4,700",,,
Philippines,42,"1,215",377,"10,071","130,023","4,430",0,0,450,"29,166",0,20,107,0,96,105,0,0,0,"1,034",105,0,204,73,1,680,364,0,"4,470",0,34,2,501,0,16,"3,903",85,"1,009",171,"2,871",289,0,0,825,584,45,0,0,0,1,0,0,0,0,0,0,0,95,33,19,117,0,21,0,1,0,0,457,154,0,0,0,0,19,0,0,0,0,0,0,0,0,0,482,332,229,"195,328",0,"195,328",,,
Qatar,79,191,2,1,"1,739",7,0,0,4,1,0,0,11,0,0,0,0,0,0,409,99,0,5,20,0,3,0,0,1,0,0,0,0,0,0,2,0,47,4,0,0,0,0,0,0,0,0,0,0,0,0,0,0,0,0,0,0,0,0,0,0,0,0,0,0,0,0,0,0,0,0,0,0,0,0,0,0,0,0,0,0,0,0,0,0,0,"2,625",0,"2,625",,,
Saudi Arabia,303,"2,175",1,35,"35,296",172,0,0,21,5,0,0,685,0,0,0,0,0,0,"4,359","2,200",0,31,79,0,25,0,0,46,0,0,0,0,0,1,29,4,261,465,0,0,0,0,46,114,173,104,0,0,0,0,0,0,0,0,0,0,4,0,1,0,0,0,0,0,0,0,0,1,0,0,0,0,0,0,0,0,0,0,0,0,0,0,0,0,0,"46,636",0,"46,636",,,
Singapore,29,"1,102",0,14,906,17,0,0,3,"1,892",0,2,2,0,4,5,0,0,0,"1,300",106,0,23,21,0,39,0,0,722,0,0,0,1,0,5,351,16,494,162,30,3,0,0,345,319,14,2,0,0,0,0,0,0,0,0,0,0,18,5,7,5,0,0,0,0,0,0,16,5,0,0,0,0,5,0,0,0,0,0,0,0,0,0,1,0,0,"7,991",0,"7,991",,,
Sri Lanka,22,224,49,617,"4,607","2,147",0,0,109,477,0,9,6,0,2,21,0,0,0,585,80,0,51,42,0,137,83,0,451,0,0,0,2,0,0,268,2,127,76,11,1,0,0,76,76,29,1,0,0,0,0,0,0,0,0,0,0,6,0,1,6,0,9,1,0,0,0,48,5,0,0,0,0,3,0,0,0,0,0,0,0,0,0,17,15,0,"10,499",0,"10,499",,,
Syria,27,35,3,151,"11,195",228,0,0,13,9,0,0,98,0,0,0,0,0,0,385,30,0,42,19,0,58,2,0,299,0,0,0,0,0,0,181,0,220,88,151,1,0,0,17,23,19,1,0,0,0,0,0,0,0,0,0,0,24,2,11,27,0,32,0,0,0,0,11,32,0,0,0,0,7,0,0,0,0,0,0,0,0,0,22,26,13,"13,502",0,"13,502",,,
Thailand,52,589,30,285,"44,176",293,0,0,327,"2,949",0,21,8,0,69,121,0,0,0,"5,491",107,0,20,34,0,65,12,0,796,0,0,3,16,0,3,145,62,"2,135",120,562,91,0,0,126,107,27,0,0,0,0,0,0,0,0,0,0,0,17,0,3,4,0,27,4,20,0,0,185,5,0,0,0,0,2,0,0,0,0,0,0,0,0,0,4,6,8,"59,127",0,"59,127",,,
Timor-Leste,0,0,0,4,14,6,0,0,1,0,0,0,0,0,0,0,0,0,0,0,0,0,0,0,0,0,0,0,0,0,0,0,0,0,0,0,0,4,0,0,0,0,0,0,0,0,0,0,0,0,0,0,0,0,0,0,0,0,0,0,0,0,0,0,0,0,0,0,0,0,0,0,0,0,0,0,0,0,0,0,0,0,0,0,0,0,29,0,29,,,
United Arab Emirates,69,672,50,7,"9,275",66,0,0,3,2,0,0,25,0,0,0,0,0,0,"1,070",172,0,11,23,0,0,0,0,8,0,0,0,0,0,0,3,0,24,17,1,0,0,0,2,1,4,0,0,0,0,0,0,0,0,0,0,0,0,0,0,0,0,0,0,0,0,0,0,0,0,0,0,0,0,0,0,0,0,0,0,0,0,0,0,0,0,"11,505",0,"11,505",,,
Vietnam,120,164,1,"2,124","2,470","9,680",0,0,58,45,0,34,13,0,0,0,0,0,0,"1,076",17,0,46,171,0,54,1,0,86,0,0,0,0,0,2,37,24,490,92,"3,229",253,0,0,32,25,8,0,0,0,0,0,0,0,0,0,0,0,1,0,1,2,0,28,0,0,0,0,55,1,0,0,0,0,6,0,0,0,0,0,0,0,0,0,0,0,0,"20,446",0,"20,446",,,
Yemen,25,103,6,126,"2,147",73,0,0,4,2,0,0,2,0,0,0,0,0,0,333,42,0,39,42,0,14,2,0,18,0,0,0,0,0,0,5,1,62,19,2,0,0,0,2,11,1,0,0,0,0,0,0,0,0,0,0,0,0,0,0,0,0,0,0,0,0,0,0,0,0,0,0,0,0,0,0,0,0,0,0,0,0,0,0,2,0,"3,083",0,"3,083",,,
Totals for Asia,"2,944","24,563","1,169","32,820","1,686,848","63,057",0,0,"10,687","67,926",15,"3,128","8,069",0,"5,775","14,942",0,0,0,"164,376","19,111",0,"1,585","2,363",62,"3,999",687,0,"110,332",0,34,33,"1,590",0,676,"66,398","3,963","40,443","21,745","12,427",962,0,0,"25,448","25,508","1,909",153,0,0,1,0,0,0,0,0,0,0,"1,237",471,712,"1,649",7,"2,519",76,198,0,0,"3,066",964,0,0,0,0,284,0,0,0,0,0,0,0,0,0,"2,188","1,935",653,"2,441,707",0,"2,441,707",,,
,,,,,,,,,,,,,,,,,,,,,,,,,,,,,,,,,,,,,,,,,,,,,,,,,,,,,,,,,,,,,,,,,,,,,,,,,,,,,,,,,,,,,,,,,,,,
Europe,,,,,,,,,,,,,,,,,,,,,,,,,,,,,,,,,,,,,,,,,,,,,,,,,,,,,,,,,,,,,,,,,,,,,,,,,,,,,,,,,,,,,,,,,,,,
Albania,10,132,2,88,"4,326","2,130",0,0,6,0,0,0,5,0,0,2,0,0,0,431,15,0,4,49,0,32,0,0,53,0,0,0,9,0,0,41,9,240,7,35,3,0,0,4,4,0,0,0,0,0,0,0,0,0,0,0,0,5,0,2,3,0,0,0,0,0,0,0,0,0,0,0,0,0,0,0,0,0,0,0,0,0,0,9,5,0,"7,661",0,"7,661",,,
Andorra,1,0,0,0,1,0,0,0,0,0,0,0,0,0,0,0,0,0,0,2,0,0,1,0,0,0,0,0,2,0,0,0,0,0,0,0,0,3,0,0,0,0,0,0,0,1,0,0,0,0,0,0,0,0,0,0,0,0,0,0,0,0,0,0,0,0,0,0,0,0,0,0,0,0,0,0,0,0,0,0,0,0,0,0,0,0,11,0,11,,,
Armenia,36,19,0,33,"8,979",86,0,0,27,0,0,0,0,0,0,0,0,0,0,170,13,0,13,59,0,79,0,0,138,0,0,1,14,0,4,226,10,"1,019",58,34,2,0,0,22,38,1,0,0,0,0,0,0,0,0,0,0,0,11,0,9,10,0,2,0,0,0,0,7,5,0,0,0,0,0,0,0,0,0,0,0,0,0,0,0,0,0,"11,125",0,"11,125",,,
Austria,27,123,1,44,"1,269",13,0,0,1,"1,162",0,1,5,0,29,131,0,0,0,807,7,0,18,19,0,76,2,0,330,0,0,1,232,0,12,123,80,"1,653",131,22,1,0,0,268,179,72,0,0,0,0,0,0,0,0,0,0,0,93,6,6,280,0,87,4,0,0,0,14,2,0,0,0,0,2,0,0,0,0,0,0,0,0,0,0,0,0,"7,333",0,"7,333",,,
Azerbaijan,31,150,7,12,885,678,0,0,5,2,0,0,2,0,0,3,0,0,0,131,15,0,8,2,0,27,0,0,28,0,0,0,0,0,0,27,1,382,30,13,3,0,0,5,8,0,0,0,0,0,0,0,0,0,0,0,0,0,0,0,13,0,0,0,0,0,0,1,0,0,0,0,0,0,0,0,0,0,0,0,0,0,0,0,0,0,"2,469",0,"2,469",,,
Belarus,25,22,0,661,"1,087","3,313",0,0,10,68,0,5,1,0,1,1,0,0,0,205,9,0,22,61,0,56,0,0,258,0,0,0,8,0,0,268,0,"1,668",68,144,47,0,0,10,11,0,0,0,0,0,0,0,0,0,0,0,0,11,3,20,60,0,6,14,0,0,0,7,2,0,0,0,0,0,0,0,0,0,0,0,0,0,0,7,7,0,"8,166",0,"8,166",,,
Belgium,29,200,3,105,618,34,0,0,1,309,0,0,295,0,27,131,0,0,0,589,13,0,20,41,6,124,1,0,418,0,0,0,39,0,6,164,172,999,113,23,2,0,0,421,447,85,0,0,0,308,0,7,0,0,0,0,0,42,12,16,161,0,57,1,0,0,0,12,2,0,0,0,0,6,0,0,0,0,0,0,0,0,0,0,0,0,"6,059",0,"6,059",,,
Bosnia and Herzegovina,23,69,1,287,"7,191",279,0,0,19,17,0,1,5,0,15,2,0,0,0,269,4,0,3,25,0,24,1,0,68,0,0,0,5,0,0,12,7,395,13,9,2,0,0,4,3,1,0,0,0,1,0,0,0,0,0,0,0,2,0,0,3,0,20,0,0,0,0,12,10,0,0,0,0,2,0,0,0,0,0,0,0,0,0,1,0,0,"8,805",0,"8,805",,,
Bulgaria,45,254,6,505,"6,649","5,503",0,0,42,"1,858",0,1,3,0,0,2,0,0,0,"2,464",115,0,42,43,0,113,3,0,747,0,0,0,144,0,9,483,54,"3,044",145,76,12,0,0,36,31,7,0,0,0,0,0,0,0,0,0,0,0,35,1,28,181,0,38,5,0,0,0,7,0,0,0,0,0,2,0,0,0,0,0,0,0,0,0,14,15,1,"22,763",0,"22,763",,,
Croatia,24,169,1,242,"12,127",679,0,0,79,"4,609",0,3,9,0,4,4,0,0,0,490,16,0,21,37,0,31,1,0,219,0,0,0,6,0,3,109,106,"1,090",52,24,2,0,0,43,26,7,0,0,0,1,0,0,0,0,0,0,0,18,1,6,14,0,33,2,0,0,0,31,1,0,0,0,0,0,0,0,0,0,0,0,0,0,0,0,0,0,"20,340",0,"20,340",,,
Cyprus,14,9,0,5,"3,989",697,0,0,1,17,0,1,0,0,0,0,0,0,0,868,6,0,19,8,0,13,0,0,114,0,0,0,0,0,5,14,4,552,10,5,0,0,0,7,5,12,0,0,0,0,0,0,0,0,0,0,0,6,0,0,1,0,0,0,0,0,0,1,0,0,0,0,0,0,0,0,0,0,0,0,0,0,0,0,0,0,"6,383",0,"6,383",,,
Czech Republic,65,286,1,150,"29,570","1,362",0,0,25,324,0,12,294,0,0,15,0,0,0,721,19,0,20,53,0,29,4,0,225,0,0,0,190,0,7,96,100,"6,152",163,29,7,0,0,77,79,8,0,0,0,21,0,1,0,0,0,0,0,39,0,11,298,5,27,36,0,0,0,13,1,0,0,0,0,4,0,0,0,0,0,0,0,0,0,1,1,0,"40,541",0,"40,541",,,
Denmark,54,160,10,25,"1,963",33,0,0,2,"1,521",0,0,8,0,153,1,0,0,0,593,23,0,29,55,1,130,2,0,375,0,0,6,9,0,10,204,117,"1,782",195,17,0,0,0,445,440,35,0,0,0,99,0,0,0,2,0,0,0,60,19,21,38,0,4,2,1,0,0,17,6,0,0,0,0,0,0,0,0,0,0,0,0,0,0,0,0,0,"8,667",0,"8,667",,,
Estonia,15,258,1,46,"4,323",63,0,0,7,302,0,0,0,0,4,2,0,0,0,140,8,0,7,11,0,10,1,0,52,0,0,0,7,0,3,24,10,765,42,12,2,0,0,6,5,0,0,0,0,0,0,0,0,0,0,0,0,4,2,1,10,0,1,0,0,0,0,2,4,0,0,0,0,0,0,0,0,0,0,0,0,0,0,0,0,0,"6,150",0,"6,150",,,
Finland,21,223,9,121,433,158,0,0,1,465,0,0,1,0,122,226,0,0,0,418,6,0,17,72,2,75,5,0,213,0,0,0,20,0,4,107,114,"1,339",186,19,0,0,0,411,584,9,0,0,0,0,0,0,0,0,0,0,0,35,1,9,165,5,24,14,0,0,0,11,3,0,0,0,0,0,0,0,0,0,0,0,0,0,0,0,0,0,"5,648",0,"5,648",,,
France,269,"2,367",8,428,"2,360",197,0,0,8,"6,435",0,5,30,0,169,"1,421",0,0,0,"5,097",82,0,92,109,6,684,9,0,"3,450",0,0,1,124,0,74,"1,100",594,"13,430",923,117,5,0,0,"2,580","3,124",168,6,0,0,6,0,7,0,0,0,1,1,356,41,84,804,0,223,15,192,0,0,92,9,0,0,0,0,15,0,0,0,0,0,0,0,0,0,3,2,0,"47,323",0,"47,323",,,
Georgia,28,373,1,11,"2,000",58,0,0,222,6,0,0,155,0,0,0,0,0,0,175,7,0,13,29,0,29,1,0,67,0,0,0,0,0,0,29,7,719,57,7,1,0,0,1,4,0,0,0,0,0,0,0,0,0,0,0,0,10,0,9,27,0,11,0,0,0,0,2,1,0,0,0,0,0,0,0,0,0,0,0,0,0,0,1,1,0,"4,062",0,"4,062",,,
Germany,233,934,10,123,"10,860",187,0,0,11,"6,484",0,180,23,0,899,"2,541",0,0,0,"6,798",81,0,77,122,4,327,6,0,"3,190",0,0,0,129,0,83,"1,057",913,"25,368","1,109",289,19,0,0,"3,721","2,700",407,7,0,1,"1,194",0,28,121,163,0,0,0,422,16,89,"1,191",9,114,9,145,0,0,111,33,0,0,0,0,21,0,0,0,0,0,0,0,0,0,3,4,1,"72,567",0,"72,567",,,
Great Britain and Northern Ireland,154,"2,901",4,"1,425","64,027","1,260",0,0,65,"12,234",0,22,58,0,313,"2,754",0,0,0,"6,958",170,0,49,81,4,676,8,0,"8,462",0,0,57,"1,143",0,121,"4,480","2,142","22,304",772,927,74,0,0,"8,691","7,957",366,17,0,1,445,0,9,0,20,1,0,0,"1,390",664,308,"3,464",17,273,50,162,87,0,365,124,0,0,0,0,19,0,0,0,0,0,0,0,0,0,23,13,1,"158,112",0,"158,112",,,
Greece,57,128,0,56,"32,325",704,0,0,31,"3,785",0,0,223,0,3,1,0,0,0,997,11,0,14,15,1,34,0,0,352,0,0,0,2,0,4,59,92,631,77,17,0,0,0,54,29,48,1,0,0,200,0,2,0,2,0,0,0,39,2,7,54,0,121,0,0,0,0,5,0,0,0,0,0,0,0,0,0,0,0,0,0,0,0,0,0,0,"40,183",0,"40,183",,,
Hungary,33,160,1,202,"25,259",638,0,0,"1,240",5,0,9,711,0,1,0,0,0,0,539,16,0,9,45,0,43,1,0,299,0,0,0,30,0,12,160,106,"2,599",332,26,1,0,0,75,72,5,0,0,0,16,0,0,0,0,0,0,0,31,1,24,112,0,93,1,2,0,0,58,12,0,0,0,0,2,0,0,0,0,0,0,0,0,0,1,0,0,"32,982",0,"32,982",,,
Iceland,6,13,1,2,588,14,0,0,1,370,0,0,11,0,0,0,0,0,0,252,94,0,2,28,0,1,0,0,47,0,0,1,0,0,1,37,2,169,62,6,1,0,0,13,30,16,2,0,0,0,0,0,0,0,0,0,0,15,6,3,98,0,0,1,0,0,0,2,4,0,0,0,0,0,0,0,0,0,0,0,0,0,0,0,0,0,"1,899",0,"1,899",,,
Ireland,33,180,1,79,"1,178",17,0,0,3,806,0,0,8,0,9,132,0,0,0,507,6,0,32,39,1,85,1,0,848,0,0,4,128,0,27,197,145,"13,778",104,66,0,0,0,886,542,57,0,0,0,2,0,0,0,0,0,0,0,101,24,14,606,0,239,7,6,98,0,68,7,0,0,0,0,2,0,0,0,0,0,0,0,0,0,1,0,0,"21,074",0,"21,074",,,
Italy,102,446,1,311,"2,984",93,0,0,9,"3,350",0,0,4,0,365,547,0,0,0,"3,086",36,0,53,52,4,272,7,0,"1,251",0,0,0,59,0,27,331,143,"3,936",349,82,1,0,0,739,524,150,7,0,2,357,0,8,0,1,0,0,0,253,35,23,343,0,35,1,115,0,0,98,9,0,0,0,0,4,0,0,0,0,0,0,0,0,0,1,0,0,"20,606",0,"20,606",,,
Kazakhstan,43,350,5,783,"1,119","1,415",0,0,41,0,0,0,1,0,0,1,0,0,0,448,64,0,22,6,0,55,0,0,63,0,0,0,1,0,0,55,11,693,35,69,23,0,0,11,16,1,0,0,0,0,0,0,0,0,0,0,0,6,1,7,16,0,0,2,0,0,0,3,0,0,0,0,0,0,0,0,0,0,0,0,0,0,0,1,1,0,"5,368",0,"5,368",,,
Kyrgyzstan,39,212,0,259,151,440,0,0,5,0,0,0,1,0,0,0,0,0,0,140,3,0,19,13,0,27,1,0,10,0,0,0,0,0,1,7,1,283,25,42,15,0,0,2,1,1,0,0,0,0,0,0,0,0,0,0,0,0,0,0,2,0,0,0,0,0,0,3,0,0,0,0,0,1,0,0,0,0,0,0,0,0,0,0,0,0,"1,704",0,"1,704",,,
Latvia,15,215,1,15,"4,291",264,0,0,11,772,0,0,0,0,0,2,0,0,0,224,11,0,6,41,0,24,1,0,47,0,0,0,69,0,2,35,16,"1,328",15,46,15,0,0,12,17,1,0,0,0,0,0,0,0,0,0,0,0,5,0,2,11,1,28,2,0,0,0,6,4,0,0,0,0,1,0,0,0,0,0,0,0,0,0,0,0,0,"7,556",0,"7,556",,,
Liechtenstein,4,1,0,1,8,0,0,0,0,3,0,0,0,0,0,1,0,0,0,23,2,0,1,3,0,0,0,0,5,0,0,0,0,0,0,0,0,9,1,0,0,0,0,5,4,0,0,0,0,0,0,0,0,0,0,0,0,0,0,0,0,0,0,0,0,0,0,0,0,0,0,0,0,0,0,0,0,0,0,0,0,0,0,0,0,0,71,0,71,,,
Lithuania,27,170,0,24,"14,702",56,0,0,10,569,0,0,0,0,0,0,0,0,0,328,20,0,9,8,0,15,3,0,128,0,0,4,36,0,3,99,22,"3,977",47,41,20,0,0,30,26,4,0,0,0,0,0,0,0,0,0,0,0,7,0,1,17,0,27,1,0,0,0,28,1,0,0,0,0,1,0,0,0,0,0,0,0,0,0,3,2,0,"20,466",0,"20,466",,,
Luxembourg,7,3,0,0,131,42,0,0,0,23,0,0,1,0,0,1,0,0,0,42,4,0,2,5,0,6,0,0,15,0,0,0,0,0,0,4,5,42,7,1,0,0,0,12,1,3,0,0,0,2,0,2,0,0,0,0,0,1,0,0,1,0,0,0,0,0,0,0,0,0,0,0,0,0,0,0,0,0,0,0,0,0,0,0,0,0,363,0,363,,,
Macedonia,32,123,0,48,"3,966",647,0,0,20,284,0,0,2,0,0,3,0,0,0,239,15,0,11,34,0,13,0,0,53,0,0,0,10,0,0,28,30,671,36,9,0,0,0,0,0,2,0,0,0,0,0,0,0,0,0,0,0,4,0,4,1,0,35,1,0,0,0,3,9,0,0,0,0,0,0,0,0,0,0,0,0,0,0,5,2,0,"6,340",0,"6,340",,,
Malta,10,23,1,2,"4,139",11,0,0,0,17,0,0,0,0,0,0,0,0,0,15,1,0,5,11,0,4,0,0,10,0,0,0,0,0,1,4,3,53,6,3,0,0,0,8,1,2,0,0,0,0,0,0,0,0,0,0,0,4,0,1,3,0,0,0,0,0,0,6,4,0,0,0,0,0,0,0,0,0,0,0,0,0,0,0,0,0,"4,348",0,"4,348",,,
Moldova,15,120,0,13,750,328,0,0,49,6,0,2,50,0,0,2,0,0,0,170,12,0,7,5,0,29,0,0,63,0,0,0,1,0,0,40,0,534,23,77,30,0,0,2,5,0,0,0,0,0,0,0,0,0,0,0,0,4,2,0,14,0,2,1,0,0,0,5,2,0,0,0,0,2,0,0,0,0,0,0,0,0,0,0,0,0,"2,365",0,"2,365",,,
Monaco,0,0,0,0,4,0,0,0,0,1,0,0,0,0,0,0,0,0,0,7,0,0,4,0,0,0,0,0,1,0,0,0,0,0,0,0,0,1,0,0,0,0,0,1,0,0,0,0,0,0,0,0,0,0,0,0,0,1,0,0,0,0,0,0,0,0,0,0,0,0,0,0,0,0,0,0,0,0,0,0,0,0,0,0,0,0,20,0,20,,,
Netherlands,71,144,0,263,"1,957",77,0,0,6,"3,629",0,1,13,0,33,402,0,0,0,"1,251",16,0,46,59,2,164,3,0,882,0,0,3,72,0,23,320,146,"3,333",224,106,5,0,0,"1,072","1,117",179,4,0,0,166,0,5,0,9,0,0,0,106,8,25,355,4,56,11,3,0,0,48,26,0,0,0,0,7,0,0,0,0,0,0,0,0,0,0,0,0,"16,452",0,"16,452",,,
Norway,43,114,4,485,997,90,0,0,4,"1,397",0,0,6,0,152,194,0,0,0,943,55,0,12,20,0,73,2,0,300,0,0,0,13,0,15,111,89,"1,319",212,25,3,0,0,254,310,89,2,0,0,102,0,1,0,0,0,0,0,41,3,10,46,0,27,1,126,0,0,21,10,0,0,0,0,0,0,0,0,0,0,0,0,0,0,0,0,0,"7,721",0,"7,721",,,
Poland,90,129,0,617,"72,204","2,411",0,0,"3,722","2,087",0,9,"3,693",0,4,35,0,0,0,"1,254",30,0,34,55,0,41,3,0,506,0,0,55,233,0,34,340,158,"15,164",421,189,29,0,0,196,150,22,0,0,0,149,0,2,0,6,0,0,0,47,9,22,315,11,151,9,0,0,0,156,4,0,0,0,0,9,0,0,0,0,0,0,0,0,0,218,342,0,"105,365",0,"105,365",,,
Portugal,37,100,4,19,"1,133",227,0,0,5,653,0,34,572,0,0,4,0,0,0,476,18,0,12,28,1,25,4,0,186,0,0,0,7,0,4,37,67,514,49,28,3,0,0,87,75,12,0,0,0,145,0,0,0,0,0,0,0,18,10,6,46,0,4,0,0,0,0,11,3,0,0,0,0,2,0,0,0,0,0,0,0,0,0,9,10,0,"4,685",0,"4,685",,,
Romania,81,376,4,"1,275","15,892","5,093",0,0,159,"3,691",0,18,14,0,0,5,0,0,0,909,186,0,23,99,0,50,4,0,700,0,0,1,39,0,7,509,90,"3,599",230,169,26,0,0,39,41,4,0,0,0,0,0,0,0,0,0,0,0,32,1,4,87,0,56,0,0,0,0,54,22,0,0,0,0,11,0,0,0,0,0,0,0,0,0,27,34,1,"33,662",0,"33,662",,,
Russia,250,"1,464",3,"2,885","49,505","9,311",0,0,316,"6,697",0,101,51,0,1,9,0,0,0,"1,979",260,0,425,298,3,770,1,0,"2,167",0,0,0,119,0,7,"2,140",233,"11,610",998,"1,844",745,0,0,216,280,11,3,0,0,0,0,0,0,0,0,0,0,220,15,77,"1,936",2,487,77,3,0,0,59,14,0,0,0,0,17,0,0,0,0,0,0,0,0,0,17,11,1,"97,638",0,"97,638",,,
San Marino,2,0,0,0,0,0,0,0,0,1,0,0,0,0,0,0,0,0,0,2,0,0,0,0,0,2,0,0,0,0,0,0,0,0,0,0,0,1,0,0,0,0,0,0,0,0,0,0,0,0,0,0,0,0,0,0,0,0,0,0,2,0,0,0,0,0,0,0,0,0,0,0,0,0,0,0,0,0,0,0,0,0,0,0,0,0,10,0,10,,,
Serbia and Montenegro,23,58,1,152,"11,590",684,0,0,456,9,0,2,547,0,2,3,0,0,0,913,49,0,45,41,4,43,1,0,372,0,0,0,16,0,1,209,71,"1,205",56,37,0,0,0,23,19,6,0,0,0,0,0,0,0,0,0,0,0,19,1,9,28,2,76,11,0,0,0,8,1,0,0,0,0,2,0,0,0,0,0,0,0,0,0,6,6,0,"16,807",0,"16,807",,,
Slovakia,22,193,2,355,"10,074",795,0,0,82,608,0,0,12,0,0,7,0,0,0,456,20,0,11,21,0,16,3,0,172,0,0,0,72,0,5,97,32,"6,244",87,35,3,0,0,23,36,1,0,0,0,2,0,0,0,0,0,0,0,13,4,2,53,0,38,4,0,0,0,30,2,0,0,0,0,2,0,0,0,0,0,0,0,0,0,6,19,3,"19,662",0,"19,662",,,
Slovenia,23,124,1,33,115,33,0,0,2,220,0,0,1,0,44,8,0,0,0,194,0,0,4,23,0,13,0,0,48,0,0,0,5,0,1,9,18,227,22,3,0,0,0,23,10,4,0,0,0,0,0,0,0,0,0,0,0,9,0,0,8,0,42,3,0,0,0,0,0,0,0,0,0,0,0,0,0,0,0,0,0,0,0,0,0,0,"1,270",0,"1,270",,,
Spain,122,519,6,545,"3,759",484,0,0,3,843,0,1,"1,691",0,72,192,0,0,0,"2,948",61,0,33,21,6,288,1,0,"1,091",0,0,1,31,0,22,279,309,"5,412",497,43,3,0,0,604,436,41,0,0,0,107,0,2,0,4,0,0,0,131,60,25,453,0,265,31,6,1,0,107,35,0,0,0,0,0,0,0,0,0,0,0,0,0,0,2,1,0,"21,594",0,"21,594",,,
Sweden,23,723,6,305,"2,045",555,0,0,4,"1,449",0,1,22,0,104,579,0,0,0,"2,389",49,0,12,83,3,143,12,0,789,0,0,2,84,0,26,285,140,"3,021",265,65,2,0,0,798,832,147,5,0,0,0,0,0,0,0,0,0,0,96,20,24,432,3,40,25,0,0,0,21,3,0,0,0,0,5,0,0,0,0,0,0,0,0,0,0,0,0,"15,637",0,"15,637",,,
Switzerland,45,154,0,252,"3,157",145,0,0,2,"1,731",0,0,10,0,57,269,0,0,0,"4,209",88,0,1,1,11,92,1,0,610,0,0,2,40,0,16,239,103,"1,700",244,25,3,0,0,593,519,142,3,0,0,1,0,0,0,0,0,0,0,84,3,29,62,0,7,0,1,0,0,41,12,0,0,0,0,3,0,0,0,0,0,0,0,0,0,0,0,0,"14,707",0,"14,707",,,
Tajikistan,0,17,0,31,164,25,0,0,1,0,0,0,0,0,0,0,0,0,0,101,6,0,10,3,0,5,0,0,1,0,0,0,0,0,0,0,0,135,9,2,0,0,0,0,0,0,0,0,0,0,0,0,0,0,0,0,0,0,0,0,0,0,0,0,0,0,0,1,0,0,0,0,0,0,0,0,0,0,0,0,0,0,0,0,0,0,511,0,511,,,
Turkey,92,544,12,112,"44,789","3,863",0,0,81,727,0,15,229,0,30,69,0,0,0,"7,581",346,0,31,18,0,58,6,0,"1,404",0,0,0,10,0,11,329,76,"2,317",568,36,3,0,0,155,136,17,1,0,0,296,0,18,0,8,0,0,0,46,14,16,8,0,7,2,1,0,0,6,0,0,0,0,0,4,0,0,0,0,0,0,0,0,0,17,24,6,"64,139",0,"64,139",,,
Turkmenistan,10,14,1,221,148,95,0,0,4,0,0,0,1,0,0,0,0,0,0,54,0,0,6,1,0,6,0,0,2,0,0,0,0,0,0,3,0,143,3,3,0,0,0,1,2,0,0,0,0,0,0,0,0,0,0,0,0,0,0,0,0,0,0,0,0,0,0,0,0,0,0,0,0,0,0,0,0,0,0,0,0,0,0,0,0,0,718,0,718,,,
Ukraine,54,408,5,"1,870","5,307","7,868",0,0,120,"4,625",0,3,378,0,1,1,0,0,0,734,74,0,18,123,0,95,0,0,755,0,0,0,12,0,5,730,6,"3,038",243,"1,115",456,0,0,31,50,2,1,0,0,0,0,0,0,0,0,0,0,32,3,10,251,0,158,19,0,0,0,57,48,0,0,0,0,8,0,0,0,0,0,0,0,0,0,28,34,0,"28,776",0,"28,776",,,
Uzbekistan,33,233,2,19,"4,463",38,0,0,17,169,0,0,1,0,0,0,0,0,0,390,15,0,6,24,0,17,4,0,29,0,0,0,0,0,21,46,12,400,49,45,21,0,0,6,11,3,0,0,0,0,0,0,0,0,0,0,0,3,0,2,9,0,2,2,0,0,0,2,0,0,0,0,0,0,0,0,0,0,0,0,0,0,0,2,1,0,"6,097",0,"6,097",,,
Vatican City,7,20,0,0,21,0,0,0,1,0,0,1,0,0,0,0,0,0,0,0,0,0,1,2,0,0,0,0,0,0,0,0,0,0,0,0,0,1,0,0,0,0,0,0,0,0,0,0,0,0,0,0,0,0,0,0,0,0,0,0,0,0,0,0,0,0,0,4,0,0,0,0,0,0,0,0,0,0,0,0,0,0,0,0,0,0,58,0,58,,,
Totals for Europe,"2,555","16,127",127,"15,545","481,572","53,193",0,0,"6,937","74,340",0,428,"9,147",0,"2,614","9,703",0,0,0,"61,126","2,177",0,"1,401","2,101",59,"5,044",103,0,"31,615",0,0,139,"3,168",0,617,"15,303","6,566","170,991","9,370","6,057","1,590",0,0,"22,723","20,937","2,149",59,0,4,"3,620",0,92,121,215,1,1,1,"3,907",988,966,"12,092",59,"2,916",364,763,186,0,"1,616",435,0,0,0,0,154,0,0,0,0,0,0,0,0,0,406,535,14,"1,065,039",0,"1,065,039",,,
,,,,,,,,,,,,,,,,,,,,,,,,,,,,,,,,,,,,,,,,,,,,,,,,,,,,,,,,,,,,,,,,,,,,,,,,,,,,,,,,,,,,,,,,,,,,
North America,,,,,,,,,,,,,,,,,,,,,,,,,,,,,,,,,,,,,,,,,,,,,,,,,,,,,,,,,,,,,,,,,,,,,,,,,,,,,,,,,,,,,,,,,,,,
Antigua and Barbuda,7,71,0,3,"1,596",954,0,0,12,14,0,1,1,0,0,0,0,0,0,85,1,0,6,0,0,4,0,0,11,0,0,0,5,0,0,1,1,17,5,4,0,0,0,1,1,1,0,0,0,0,0,0,0,0,0,0,0,0,0,0,0,0,4,0,0,0,0,2,1,0,0,0,0,0,0,0,0,0,0,0,0,0,0,1,1,2,"2,813",0,"2,813",,,
"Bahamas, The",19,121,0,6,"15,151",24,0,0,24,165,0,7,14,0,0,0,0,0,0,"1,349",55,0,4,2,0,8,0,0,140,0,0,0,1,0,0,20,0,22,2,3,0,0,0,13,6,165,5,0,0,0,0,0,0,0,0,0,0,1,0,0,10,0,0,0,0,0,0,9,7,0,0,0,0,0,0,0,0,0,0,0,0,0,0,1,0,0,"17,354",0,"17,354",,,
Barbados,29,185,1,15,"5,757","3,462",0,0,102,42,0,1,2,0,0,1,0,0,0,274,8,0,4,2,0,19,1,0,54,0,0,0,80,0,1,10,0,95,38,2,0,0,0,8,4,10,0,0,0,0,0,0,0,0,0,0,0,3,0,0,17,0,3,0,0,0,0,9,10,0,0,0,0,2,0,0,0,0,0,0,0,0,0,2,4,1,"10,258",0,"10,258",,,
Belize,7,77,2,21,"6,213","3,267",0,0,133,32,0,25,0,0,0,0,0,0,0,265,15,0,1,0,0,8,0,0,36,0,0,4,2,0,1,5,0,26,13,8,4,0,0,3,4,12,1,0,0,0,0,0,0,0,0,0,0,1,0,0,0,0,0,0,0,0,0,5,3,0,0,0,0,0,0,0,0,0,0,0,0,0,0,1,3,0,"10,198",0,"10,198",,,
Canada,152,145,1,11,87,6,0,0,1,84,0,1,6,0,306,"1,058",0,0,0,189,15,0,28,10,2,550,1,0,118,0,0,5,15,0,1,104,46,91,22,"1,137",179,0,0,104,164,8,0,0,0,651,0,3,0,5,0,0,0,15,4,6,44,0,5,1,1,0,0,24,8,0,0,0,18,14,0,0,0,0,0,0,0,0,0,18,11,0,"5,475",0,"5,475",,,
Costa Rica,19,167,4,135,"40,723","1,364",0,0,554,542,0,70,67,0,1,13,0,0,0,448,42,0,7,5,0,61,7,0,156,0,0,5,326,0,21,114,64,"1,530",94,48,12,0,0,127,152,26,0,0,0,0,0,0,0,0,0,0,0,5,5,4,31,3,19,2,0,0,0,46,49,0,0,0,0,1,0,0,0,0,0,0,0,0,0,2,0,5,"47,076",0,"47,076",,,
Cuba,105,106,0,"2,388","2,872","20,158",0,0,178,4,2,2,3,0,0,0,0,0,0,32,8,0,118,228,0,70,0,0,17,0,0,0,4,0,1,13,18,64,9,263,69,0,0,3,11,1,0,0,0,0,0,0,0,0,0,0,0,4,2,4,334,2,521,3,7,0,0,3,3,0,0,0,0,2,0,0,0,0,0,0,0,0,0,71,51,46,"27,800",0,"27,800",,,
Dominica,5,30,0,4,"1,019",558,0,0,13,66,0,1,2,0,0,1,0,0,0,176,7,0,0,1,0,3,1,0,11,0,0,0,22,0,0,3,1,14,2,8,3,0,0,0,0,5,0,0,0,0,0,0,0,0,0,0,0,0,0,0,18,0,0,0,0,0,0,2,0,0,0,0,0,0,0,0,0,0,0,0,0,0,0,7,11,8,"2,002",0,"2,002",,,
Dominican Republic,31,596,23,"1,489","43,404",278,0,0,209,164,0,71,24,0,0,3,0,0,0,518,21,0,14,8,0,35,23,0,146,0,0,11,708,0,7,154,202,636,39,397,64,0,0,33,50,10,0,0,0,0,0,0,0,0,0,0,0,8,1,0,583,0,24,64,0,0,0,78,65,0,0,0,0,2,0,0,0,0,0,0,0,0,0,968,"1,569",8,"52,738",0,"52,738",,,
El Salvador,26,307,16,59,"92,492","1,385",0,0,139,359,0,70,0,0,0,2,0,0,0,335,10,0,10,1,0,50,21,0,73,0,0,2,302,0,0,47,59,193,13,60,14,0,0,23,25,7,0,0,0,0,0,0,0,0,0,0,0,3,2,1,179,0,10,4,0,0,0,43,22,0,0,0,0,2,0,0,0,0,0,0,0,0,0,90,228,64,"96,748",0,"96,748",,,
Grenada,4,26,0,28,"1,648",892,0,0,23,116,0,1,0,0,0,0,0,0,0,126,3,0,0,1,0,11,0,0,11,0,0,0,28,0,0,0,0,14,4,2,0,0,0,3,3,3,0,0,0,0,0,0,0,0,0,0,0,0,0,0,0,0,1,0,0,0,0,1,0,0,0,0,0,0,0,0,0,0,0,0,0,0,0,0,5,0,"2,954",0,"2,954",,,
Guatemala,51,278,15,177,"65,538",214,0,0,302,317,0,135,10,0,0,0,0,0,0,419,26,0,8,20,0,41,6,0,114,0,0,4,"2,656",0,1,59,26,448,35,55,6,0,0,42,66,11,0,0,0,0,0,0,0,0,0,0,0,7,0,2,74,1,21,3,0,0,0,43,14,0,0,0,0,0,0,0,0,0,0,0,0,0,0,47,58,2,"71,352",0,"71,352",,,
Haiti,20,62,8,231,"19,657","2,939",0,0,294,205,1,105,129,0,0,0,0,0,0,262,8,0,9,8,0,45,6,0,30,0,0,0,16,0,5,13,15,171,11,124,11,0,0,3,3,6,0,0,0,0,0,0,0,0,0,0,0,1,0,0,34,0,179,0,0,0,0,35,6,0,0,0,0,2,0,0,0,0,0,0,0,0,0,390,558,21,"25,623",0,"25,623",,,
Honduras,23,151,15,275,"29,867",360,0,0,359,"1,490",0,26,13,0,0,2,0,0,0,434,17,0,5,1,0,51,8,0,68,0,0,5,"1,283",0,1,29,16,271,23,77,22,0,0,17,25,2,0,0,0,0,0,0,0,0,0,0,0,1,0,1,96,0,1,2,0,0,0,25,29,0,0,0,0,2,0,0,0,0,0,0,0,0,0,28,76,5,"35,202",0,"35,202",,,
Jamaica,20,301,4,214,"52,615","1,612",0,0,175,970,0,7,1,0,0,1,0,0,0,"1,977",103,0,7,6,0,66,9,0,285,0,0,11,"8,919",0,2,116,3,"1,674",278,219,41,0,0,43,47,53,4,0,0,0,0,0,0,0,0,0,0,17,74,4,373,8,298,4,0,0,0,23,21,0,0,0,0,0,0,0,0,0,0,0,0,0,0,271,383,12,"71,271",0,"71,271",,,
Mexico,506,933,103,"11,458","87,221","14,759","1,990,402",0,662,"2,414",0,0,345,0,326,705,0,0,0,"7,779",504,0,92,7,1,457,37,0,"2,915",0,0,"29,273","34,996",0,32,"2,296",589,"3,985",935,"1,099",206,0,0,"2,169","2,811",184,10,0,0,5,0,0,0,0,0,0,0,236,79,75,"5,267",14,190,131,143,0,0,825,188,0,0,0,769,471,0,0,0,0,0,0,0,0,0,"3,660","7,594",472,"2,220,330",0,"2,220,330",,,
Nicaragua,7,27,16,73,"11,026",470,0,0,311,728,0,23,3,0,0,0,0,0,0,214,12,0,4,3,0,38,12,0,32,0,0,27,84,0,1,16,2,190,9,32,10,3,1,5,5,1,0,0,0,0,0,0,0,0,0,0,0,3,0,0,110,0,0,0,0,0,0,11,4,0,0,0,0,1,0,0,0,0,0,0,0,0,0,17,60,2,"13,593",0,"13,593",,,
Panama,22,306,5,324,"16,792",608,0,0,388,309,0,205,252,0,0,5,0,0,0,612,6,0,4,39,0,34,7,0,155,0,0,6,151,0,1,41,19,226,16,43,12,0,0,30,31,19,1,0,0,0,0,0,0,0,0,0,0,7,0,2,20,0,1,5,0,0,0,9,5,0,0,0,0,0,0,0,0,0,0,0,0,0,0,0,1,0,"20,719",0,"20,719",,,
Saint Kitts and Nevis,6,57,0,7,950,576,0,0,6,15,0,1,2,0,0,0,0,0,0,101,1,0,6,0,0,10,0,0,7,0,0,0,0,0,0,0,1,5,0,2,1,0,0,0,0,5,0,0,0,0,0,0,0,0,0,0,0,0,0,0,2,0,7,0,0,0,0,0,2,0,0,0,0,0,0,0,0,0,0,0,0,0,0,3,3,3,"1,779",0,"1,779",,,
Saint Lucia,6,41,1,7,"1,948","1,167",0,0,56,69,0,1,1,0,0,0,0,0,0,156,7,0,2,1,0,4,0,0,15,0,0,0,0,0,0,6,0,23,4,7,0,0,0,8,7,12,0,0,0,0,0,0,0,0,0,0,0,0,0,0,1,0,0,0,0,0,0,2,0,0,0,0,0,0,0,0,0,0,0,0,0,0,0,6,9,3,"3,570",0,"3,570",,,
Saint Vincent and the Grenadines,4,43,1,22,"1,449",697,0,0,15,443,0,0,0,0,0,0,0,0,0,89,5,0,5,1,0,4,3,0,6,0,0,0,23,0,0,3,0,11,4,3,0,0,0,0,1,6,0,0,0,0,0,0,0,0,0,0,0,0,0,0,2,0,0,0,0,0,0,1,1,0,0,0,0,0,0,0,0,0,0,0,0,0,0,2,5,1,"2,850",0,"2,850",,,
Trinidad and Tobago,19,256,0,359,"47,800",879,0,0,131,903,0,64,2,0,1,6,0,0,0,"1,179",24,0,9,1,0,109,7,0,276,0,0,1,6,0,6,88,8,253,103,30,8,0,0,53,53,53,1,0,0,0,0,0,0,0,0,1,0,3,0,0,239,17,120,6,0,0,0,28,8,0,0,0,0,0,0,0,0,0,0,0,0,0,0,8,18,7,"53,143",0,"53,143",,,
Totals for North America,"1,088","4,286",215,"17,306","545,825","56,629","1,990,402",0,"4,087","9,451",3,817,877,0,634,"1,797",0,0,0,"17,019",898,0,343,345,3,"1,678",149,0,"4,676",0,0,"29,354","49,627",0,81,"3,138","1,070","9,959","1,659","3,623",662,3,1,"2,688","3,469",600,22,0,0,656,0,3,0,5,0,1,0,315,167,99,"7,434",45,"1,404",225,151,0,0,"1,224",446,0,0,0,787,499,0,0,0,0,0,0,0,0,0,"5,593","10,648",662,"2,794,848",0,"2,794,848",,,
,,,,,,,,,,,,,,,,,,,,,,,,,,,,,,,,,,,,,,,,,,,,,,,,,,,,,,,,,,,,,,,,,,,,,,,,,,,,,,,,,,,,,,,,,,,,
Oceania,,,,,,,,,,,,,,,,,,,,,,,,,,,,,,,,,,,,,,,,,,,,,,,,,,,,,,,,,,,,,,,,,,,,,,,,,,,,,,,,,,,,,,,,,,,,
Australia,120,"2,856",3,75,"6,969",574,0,0,15,"2,320",0,6,9,0,35,533,0,0,0,"1,169",44,0,21,8,0,222,3,0,"2,176",0,0,109,989,0,20,"1,268",226,"7,002",518,259,30,0,0,"1,860","1,778",40,4,0,0,0,0,0,0,0,0,0,2,288,68,76,453,0,28,43,3,0,0,189,51,0,0,0,0,10,0,0,0,0,0,0,0,0,0,0,0,0,"32,472",0,"32,472",,,
Fiji,9,21,2,19,"3,713",100,0,0,94,57,0,4,0,0,0,0,0,0,0,107,16,0,9,0,0,25,1,0,8,0,0,0,2,0,5,12,2,35,0,18,3,0,0,2,1,3,2,0,0,0,0,0,0,0,0,0,0,1,0,0,0,0,1,0,0,0,0,19,16,0,0,0,0,0,0,0,0,0,0,0,0,0,0,31,2,0,"4,340",0,"4,340",,,
Kiribati,2,4,0,44,128,48,0,0,61,625,0,1,1,0,0,0,0,0,0,11,0,0,0,0,0,6,0,0,0,0,0,0,0,0,0,0,0,3,2,0,0,0,0,0,0,0,0,0,0,0,0,0,0,0,0,0,0,0,0,0,0,0,0,0,0,0,0,0,0,0,0,0,0,0,0,0,0,0,0,0,0,0,0,0,0,0,936,0,936,,,
Marshall Islands,1,1,0,13,15,14,0,0,23,0,0,0,0,0,0,0,0,0,0,1,0,0,0,0,0,0,0,0,0,0,0,0,0,0,0,0,0,0,0,0,0,0,0,0,0,1,0,0,0,0,0,0,0,0,0,0,0,0,0,0,0,0,0,0,0,0,0,0,0,0,0,0,0,1,0,0,0,0,0,0,0,0,0,0,0,0,70,0,70,,,
"Micronesia, Federated States of",8,0,0,0,0,0,0,0,0,1,0,0,0,0,0,0,0,0,0,0,0,0,0,0,0,1,0,0,0,0,0,0,0,0,0,0,0,0,0,0,0,0,0,0,0,0,0,0,0,0,0,0,0,0,0,0,0,0,0,0,0,0,0,0,0,0,0,0,0,0,0,0,0,0,0,0,0,0,0,0,0,0,0,0,0,0,10,0,10,,,
Nauru,4,8,0,0,84,2,0,0,1,13,0,0,0,0,0,0,0,0,0,1,0,0,4,1,0,0,0,0,1,0,0,0,0,0,0,0,0,2,0,0,0,0,0,0,0,0,0,0,0,0,0,0,0,0,0,0,0,0,0,0,0,0,0,0,0,0,0,0,0,0,0,0,0,0,0,0,0,0,0,0,0,0,0,0,0,0,121,0,121,,,
New Zealand,18,311,1,119,"2,280",132,0,0,18,953,0,226,2,0,1,11,0,0,0,350,27,0,9,14,0,80,4,0,681,0,0,356,857,0,4,529,69,"2,636",221,61,17,0,0,388,293,11,0,0,0,0,0,0,0,0,0,0,0,72,17,14,118,0,22,52,0,0,0,96,15,0,0,0,0,3,0,0,0,0,0,0,0,0,0,0,0,0,"11,088",0,"11,088",,,
Palau,3,5,0,0,9,2,0,0,0,0,0,0,0,0,0,0,0,0,0,0,0,0,0,0,0,0,0,0,0,0,0,0,0,0,0,0,0,0,0,0,0,0,0,0,0,0,0,0,0,0,0,0,0,0,0,0,0,0,0,0,0,0,0,0,0,0,0,0,0,0,0,0,0,0,0,0,0,0,0,0,0,0,0,0,0,0,19,0,19,,,
Papua New Guinea,18,27,0,205,23,175,0,0,52,1,0,6,13,0,0,0,0,0,0,27,7,0,17,5,0,22,0,0,2,0,0,0,0,0,0,1,0,7,1,1,0,0,0,0,1,0,0,0,0,0,0,0,0,0,0,0,0,0,0,0,0,0,0,0,0,0,0,2,0,0,0,0,0,0,0,0,0,0,0,0,0,0,0,0,0,0,613,0,613,,,
Samoa,4,18,0,13,"2,154",212,0,0,28,71,0,4,1,0,0,0,0,0,0,42,3,0,1,1,0,2,0,0,1,0,0,0,1,0,0,0,0,2,0,1,0,0,0,0,0,0,0,0,0,0,0,0,0,0,0,0,0,0,0,0,0,0,0,0,0,0,0,67,12,0,0,0,0,0,0,0,0,0,0,0,0,0,0,0,0,0,"2,638",0,"2,638",,,
Solomon Islands,4,4,0,19,47,14,0,0,5,4,0,1,0,0,0,0,0,0,0,1,0,0,1,1,0,0,0,0,0,0,0,0,0,0,0,0,0,4,2,1,0,0,0,0,0,0,0,0,0,0,0,0,0,0,0,0,0,0,0,0,0,0,0,0,0,0,0,0,0,0,0,0,0,0,0,0,0,0,0,0,0,0,0,0,0,0,108,0,108,,,
Tonga,16,17,7,5,"2,309",287,0,0,7,5,0,1,0,0,0,0,0,0,0,37,0,0,0,0,0,5,0,0,1,0,0,0,0,0,0,0,0,6,1,4,0,0,0,0,0,1,0,0,0,0,0,0,0,0,0,0,0,1,0,0,0,0,0,0,0,0,0,39,5,0,0,0,0,0,0,0,0,0,0,0,0,0,0,1,7,0,"2,762",0,"2,762",,,
Tuvalu,6,6,1,0,36,1,0,0,5,160,0,0,0,0,0,0,0,0,0,0,0,0,0,0,0,0,0,0,0,0,0,0,0,0,0,0,0,2,0,0,0,0,0,0,0,0,0,0,0,0,0,0,0,0,0,0,0,0,0,0,0,0,0,0,0,0,0,0,0,0,0,0,0,0,0,0,0,0,0,0,0,0,0,0,0,0,217,0,217,,,
Vanuatu,1,10,0,8,37,5,0,0,23,0,0,0,0,0,0,0,0,0,0,2,0,0,8,2,0,0,0,0,0,0,0,0,0,0,0,0,0,2,4,1,0,0,0,0,0,0,0,0,0,0,0,0,0,0,0,0,0,0,0,0,0,0,14,0,0,0,0,0,0,0,0,0,0,0,0,0,0,0,0,0,0,0,0,0,0,0,117,0,117,,,
Totals for Oceania,214,"3,288",14,520,"17,804","1,566",0,0,332,"4,210",0,249,26,0,36,544,0,0,0,"1,748",97,0,70,32,0,363,8,0,"2,870",0,0,465,"1,849",0,29,"1,810",297,"9,701",749,346,50,0,0,"2,250","2,073",56,6,0,0,0,0,0,0,0,0,0,2,362,85,90,571,0,65,95,3,0,0,412,99,0,0,0,0,14,0,0,0,0,0,0,0,0,0,32,9,0,"55,511",0,"55,511",,,
,,,,,,,,,,,,,,,,,,,,,,,,,,,,,,,,,,,,,,,,,,,,,,,,,,,,,,,,,,,,,,,,,,,,,,,,,,,,,,,,,,,,,,,,,,,,
South America,,,,,,,,,,,,,,,,,,,,,,,,,,,,,,,,,,,,,,,,,,,,,,,,,,,,,,,,,,,,,,,,,,,,,,,,,,,,,,,,,,,,,,,,,,,,
Argentina,116,"1,298",33,135,"1,425",43,0,0,5,432,0,8,2,0,65,177,0,0,0,"3,170",301,0,57,83,0,275,17,0,"1,106",0,0,3,124,0,33,742,124,"2,534",426,42,4,0,0,643,862,46,3,0,0,0,0,0,0,0,0,2,0,129,15,64,365,0,71,64,2,0,0,195,130,0,0,0,0,4,0,0,0,0,0,0,0,0,0,0,0,0,"15,375",0,"15,375",,,
Bolivia,57,507,12,46,"13,861",123,0,0,234,121,0,45,2,0,21,0,0,0,0,514,32,0,40,32,0,173,22,0,67,0,0,0,4,0,1,43,12,196,16,24,5,0,0,23,29,13,0,0,0,0,0,0,0,0,0,0,0,4,1,0,12,7,35,8,0,0,0,17,3,0,0,0,0,3,0,0,0,0,0,0,0,0,0,6,16,0,"16,387",0,"16,387",,,
Brazil,244,"2,629",111,"4,164","28,660","167,494",0,0,441,1,3,181,"2,394",0,5,18,0,0,0,"12,524",708,0,116,125,0,736,85,0,"2,367",0,0,14,336,0,63,"1,560",442,"8,157","1,026",229,25,0,0,"1,662","2,102",93,4,0,0,0,0,0,0,0,0,0,0,276,64,91,435,1,226,30,15,0,0,404,326,0,0,0,0,3,0,0,0,0,0,0,0,0,0,8,6,5,"240,609",0,"240,609",,,
Chile,104,"1,142",23,525,"53,620","1,462",0,0,557,"1,564",0,105,5,0,3,4,0,0,0,"1,278",262,0,56,36,1,200,32,0,278,0,0,73,84,0,6,249,189,"1,329",272,34,4,0,0,221,404,17,0,0,0,0,0,0,0,0,0,2,0,39,9,11,84,0,16,8,0,0,0,67,14,0,0,0,0,4,0,0,0,0,0,0,0,0,0,0,2,0,"64,395",0,"64,395",,,
Colombia,133,"1,441",33,952,"172,719",822,0,0,916,"1,209",0,20,5,0,136,253,0,0,0,"4,815",398,0,55,19,1,363,55,0,"1,881",0,0,1,185,0,15,"1,660",447,"2,783",382,681,214,0,0,"1,160","2,091",58,4,0,0,1,0,0,0,0,0,0,0,92,12,94,634,0,82,41,1,0,0,248,98,0,0,0,0,15,0,0,0,0,0,0,0,0,0,66,106,10,"197,407",0,"197,407",,,
Ecuador,123,"1,091",27,"1,001","60,156","1,698",0,0,570,283,0,130,78,0,0,40,0,0,0,"1,363",87,0,21,19,1,99,43,0,296,0,0,6,62,0,3,192,42,"1,041",116,156,34,0,0,118,211,12,0,0,0,0,0,0,0,0,0,0,0,11,1,1,16,0,96,5,0,0,0,63,25,0,0,0,0,1,0,0,0,0,0,0,0,0,0,208,347,13,"69,906",0,"69,906",,,
Guyana,3,110,1,38,"10,433",365,0,0,350,231,0,18,52,0,0,0,0,0,0,152,1,0,6,5,0,47,1,0,32,0,0,0,0,0,1,15,11,38,20,71,10,0,0,8,6,11,0,0,0,0,0,0,0,0,0,0,0,0,2,0,22,0,2,0,0,0,0,9,13,0,0,0,0,1,0,0,0,0,0,0,0,0,0,191,213,19,"12,508",0,"12,508",,,
Paraguay,41,393,13,138,"5,743",76,0,0,83,9,0,157,0,0,1,5,0,0,0,311,18,0,25,21,0,19,6,0,27,0,0,0,0,0,0,33,17,139,18,9,3,0,0,6,10,1,0,0,0,0,0,0,0,0,0,0,0,2,1,0,0,0,0,0,0,0,0,11,3,0,0,0,0,0,0,0,0,0,0,0,0,0,0,0,0,0,"7,339",0,"7,339",,,
Peru,139,523,65,912,"95,475","1,103",0,0,412,"1,785",0,91,5,0,6,8,0,0,0,"1,582",182,0,94,18,0,331,137,0,561,0,0,458,109,0,5,398,165,"1,483",149,306,75,0,0,154,204,12,1,0,0,0,0,0,0,0,0,0,0,24,5,21,113,0,324,25,4,0,0,149,65,0,0,0,0,1,0,0,0,0,0,0,0,0,0,26,61,2,"107,768",0,"107,768",,,
Suriname,8,55,0,15,"1,081",698,0,0,60,6,0,47,0,0,6,0,0,0,0,38,5,0,10,15,0,12,1,0,9,0,0,0,0,0,0,1,0,11,0,2,0,0,0,6,9,2,1,0,0,0,0,0,0,0,0,0,0,0,0,0,0,0,0,0,0,0,0,3,3,0,0,0,0,0,0,0,0,0,0,0,0,0,0,1,4,0,"2,109",0,"2,109",,,
Uruguay,45,365,9,16,815,5,0,0,3,166,0,36,3,0,0,1,0,0,0,224,24,0,32,12,0,125,7,0,92,0,0,0,0,0,4,69,32,208,51,2,0,0,0,34,39,3,1,0,0,0,0,0,0,0,0,0,0,19,3,5,11,0,1,3,1,0,0,11,9,0,0,0,0,0,0,0,0,0,0,0,0,0,0,0,0,0,"2,486",0,"2,486",,,
Venezuela,138,"1,525",18,448,"111,306",196,0,0,280,650,0,31,6,0,3,21,0,0,0,"4,324",413,0,120,140,0,211,11,0,"1,559",0,0,0,326,0,12,"1,366",126,"1,193",487,82,17,0,0,965,"1,782",43,12,0,0,0,0,0,0,0,0,0,0,110,49,78,406,3,143,63,1,0,0,94,44,0,0,0,0,2,0,0,0,0,0,0,0,0,0,10,13,0,"128,827",0,"128,827",,,
Totals for South America,"1,151","11,079",345,"8,390","555,294","174,085",0,0,"3,911","6,457",3,869,"2,552",0,246,527,0,0,0,"30,295","2,431",0,632,525,3,"2,591",417,0,"8,275",0,0,555,"1,230",0,143,"6,328","1,607","19,112","2,963","1,638",391,0,0,"5,000","7,749",311,26,0,0,1,0,0,0,0,0,4,0,706,162,365,"2,098",11,996,247,24,0,0,"1,271",733,0,0,0,0,34,0,0,0,0,0,0,0,0,0,516,768,49,"865,116",0,"865,116",,,
,,,,,,,,,,,,,,,,,,,,,,,,,,,,,,,,,,,,,,,,,,,,,,,,,,,,,,,,,,,,,,,,,,,,,,,,,,,,,,,,,,,,,,,,,,,,
Unknown,,,,,,,,,,,,,,,,,,,,,,,,,,,,,,,,,,,,,,,,,,,,,,,,,,,,,,,,,,,,,,,,,,,,,,,,,,,,,,,,,,,,,,,,,,,,
No Nationality,0,1,0,110,"4,207","2,295",0,0,47,"1,196",0,0,0,"8,480",0,1,0,0,0,163,9,0,0,0,0,3,0,0,52,0,0,0,21,0,0,20,5,646,13,5,3,0,0,6,7,6,0,0,0,1,0,0,0,0,0,0,0,4,1,0,7,0,21,0,0,0,0,49,0,0,0,0,0,4,0,0,0,0,0,0,0,0,0,0,0,0,"17,383",0,"17,383",,,
United Nations Laissez-Passer,0,0,0,0,0,0,0,0,0,0,0,0,0,0,0,0,0,0,0,0,0,0,0,0,0,239,0,0,0,0,0,0,0,0,0,0,0,0,0,0,0,0,0,0,0,0,0,0,0,0,0,0,0,0,0,0,0,0,0,0,0,0,0,0,0,0,0,0,0,0,0,0,0,0,0,0,0,0,0,0,0,0,0,0,0,0,239,0,239,,,
Totals for Unknown,0,1,0,110,"4,207","2,295",0,0,47,"1,196",0,0,0,"8,480",0,1,0,0,0,163,9,0,0,0,0,242,0,0,52,0,0,0,21,0,0,20,5,646,13,5,3,0,0,6,7,6,0,0,0,1,0,0,0,0,0,0,0,4,1,0,7,0,21,0,0,0,0,49,0,0,0,0,0,4,0,0,0,0,0,0,0,0,0,0,0,0,"17,622",0,"17,622",,,
,,,,,,,,,,,,,,,,,,,,,,,,,,,,,,,,,,,,,,,,,,,,,,,,,,,,,,,,,,,,,,,,,,,,,,,,,,,,,,,,,,,,,,,,,,,,
Grand Totals,"9,662","66,398","2,228","84,201","3,527,118","381,431","1,990,402",0,"27,231","167,435",24,"5,697","21,615","8,480","9,309","27,577",0,0,0,"293,357","26,160",0,"5,274","8,825",134,"16,999","1,645",0,"161,643",0,34,"31,523","58,215",0,"1,613","95,967","13,799","261,769","38,189","24,973","3,735",3,1,"59,384","61,154","5,373",285,0,4,"4,282",0,95,121,220,1,8,6,"6,666","1,918","2,287","24,378",125,"8,495","1,020","1,432",186,0,"8,503","3,009",0,0,0,787,"1,041",0,0,0,0,0,0,0,0,0,"9,127","14,805","1,400","7,588,778",0,"7,588,778",,,